Id,TotalViews
371948,1728.0012968222964
464902,1153.8372644693557
63917,508.98264069157966
969830,390.80152977382096
39317,13944.232589158557
938452,25987.44234690506
84803,20410.8844326536
826746,450.83480044971384
247,3911.5978525672003
989111,35.06374394527041
644942,873.9001503397739
145158,8397.496602848692
58779,23.87565376510747
31345,2244.4868634399113
58896,70.13445745063761
37209,8990.727293352877
617707,229.49234561647495
758843,1211.048473166539
613860,8731.701707537643
23688,725.7237020151422
410745,13301.096240596331
859854,234.5219264608756
608814,253.88148486162527
653352,722.6753090988266
47659,549.9141144620899
527760,681.1678937864427
1061344,69.91522640864032
34081,4180.090670782321
112445,644.8189054199073
22311,6113.058091683326
676981,252.36837397749318
783808,111.43486529793724
954042,274.78477120575536
1048457,476.5750204840095
371613,213.00498979990635
1086289,155.58058668863825
900961,85.10245816626181
1137754,8637.177842912728
524232,12465.972215157153
695786,498.6116080014754
791326,331.0718602209882
1171647,26.948008873969172
944244,52.34157911614533
1156258,329.22036238369515
905482,76.230734032226
514705,3264.056697815831
1049303,256.6659375607235
10625,1829.8740326888783
71333,385.00953345616807
1056634,26.356523892855545
244521,8974.255617793966
668621,453.31953221965927
699927,791.6899828581558
895897,112.08346428057244
490045,941.5581344308466
866718,117.8077856080193
1057557,39.85838179083988
455773,325.3153705417945
168334,1867.6854700266247
92624,1406.2124948110738
15262,2673.0119294702854
98125,506.0302945321838
68239,9808.945625753657
12280,3406.8264361858774
149,7335.394596471989
745723,127.3238010930246
2351,3829.289025081047
27927,1350.4374478057073
792221,465.5179089098809
228716,332.8122429029307
504848,4033.3593180293547
410741,318.1214857015534
860155,78.78461603282337
605460,564.6151038176696
902172,247.15924179945875
41773,1098.9427691986925
783554,104.91066870874221
1109781,85.33035182897166
55488,1776.5211426153087
783560,138.48192036917334
191985,999.9261362195813
645004,913.5873684197328
560711,4118.690322468706
832340,2116.0082099851925
34291,1561.874027981984
887068,215.63893629320037
348,24548.05799299565
544367,3601.0052559999635
577082,615.7490528063452
134358,973.4328516867936
847951,216.38334961207096
980854,42.77246487156633
1974,159654.30642764605
1136944,122.00901024620798
353386,1278.672523477666
535591,1005.9344242687057
900404,67.9689821722395
782925,130.08593168498177
2560,2362.5555906597483
5864,1246.2669883800024
1452,8664.600769034403
967198,55.97932483700938
1017522,62.42011695322656
763411,159.18203750865152
122398,66285.81198853308
747,82099.19762313234
500885,49414.73275409962
462183,5312.633260075052
606225,379.98206043270443
844352,1521.0915635540125
1123705,49.8590541982527
34111,4290.005227944597
753640,263.75125636169355
579841,519.1936025522677
474583,669.7691733936813
506054,583.8337613056875
974990,708.9053463298146
1973,3474.1408394465807
1016,10428.89602354591
1108728,2792.2943210457834
226814,2189.6604374991016
821662,610.989438590168
315333,445.4829502423237
486270,3313.7113072732054
411316,268.69374467297416
24521,877.8741224190029
1084846,374.42507454832815
861116,222.6595274481239
58286,73.98391072146809
637653,2136.8324194472993
20453,564.1474817479907
700330,191.69253833454138
225598,298.4807642782056
1685,1960.5579659349653
1136518,118.39470586888602
693211,213.6312000086515
1043963,224.3903779735785
462845,210.6671049080006
995627,187.9557676227368
800214,630.5144001131223
44152,1475.7152417776663
274457,799.1162171921213
729799,627.1212004115977
960215,49.9833169125809
424114,240.56747866194266
787482,128.5378690989566
1062363,25.526397775590443
917680,106.56811592312901
944556,235.02674566479286
1169346,16.2917400809158
410611,568.2892506241317
587651,585.3087923257293
1185149,131.05549308567254
992,6573.491734790045
459951,203.99862876739283
769411,116.07455226693259
36638,1237.7424816838386
437114,1588.1178739505588
335363,2959.11076682321
1011941,586.732051315188
699311,7566.864674275809
964331,122.61920259193407
1068264,327.6954461549892
997271,378.0553913548059
164704,15444.942816543657
1117292,223.54883109717056
250953,1187.3055848003298
1113962,69.03339719120753
107357,369.8808736880768
713,21562.63722764114
829413,3262.045135317055
972994,187.9233034307196
404790,540.9305630840555
511677,790.6439672576612
580154,367.1964903204643
1146726,381.0310277474978
885773,6427.692642013136
385915,5261.7380132387225
1858,16752.176289224513
770789,486.67077910537205
1215,59667.10755323367
562284,415.4828856138967
477721,1405.3413311495678
814598,872.8016526800815
559549,3119.901179890537
824859,516.8951137392838
852005,751.7050680268272
585099,1910.5323304333726
858744,68.74365805607789
497402,265.87201211851874
860872,183.66037276522516
371781,620.0996008935505
946898,285.81092033073094
34002,1564.536888589761
33078,2516.9559619759316
160337,11060.675955447468
559420,295.28629149690175
2263,14293.692775521056
811572,3231.754874635495
1152111,14.065942860407553
727567,146.25982670964646
108877,7659.389404632621
936288,304.48106524839517
805871,520.8608088574824
936247,61.53684408785667
56055,539.8426167988051
898535,192.6033675048807
309517,657.9251652612097
703829,157.743003515194
847957,123.80235979518847
1202214,379.3151632690845
1125235,213.2797277341123
788372,121.21196988966918
2321,173930.4086226113
20569,1382.0208102511035
12147,1196.1256741253028
49290,10474.037366180624
1120303,28.598125252280404
804435,149.7565811647504
799259,155.92503136626436
732777,546.0617766610019
266168,845.7250959475986
1006860,598.3130872133579
1019097,543.7103939109093
1178252,155.32264300446286
2606,4008.2313843487386
1154479,229.86455190797776
695340,966.6512867370384
1514,2697.6291026618
15776,972.7679677329197
405969,303.68810627191414
731452,191.18033073160478
969158,121.424000611725
58791,17.403296057863688
70176,73878.17024090479
2676,1295.9405837410955
404447,226.0990915895378
971841,125.34506058973706
2423,3064.676875338228
1050896,1796.6576991984327
191114,8058.688353179425
1082416,729.3270654850869
642715,135.6107016506369
104585,5719.404548911556
782994,110.40640508543743
971347,239.79454460229337
15213,2741.2853540077554
11309,14962.5425524318
305170,257.5550051580775
1035997,11662.62314726819
687793,1836.7853542169444
566507,997.2098893146064
1014171,94.97555955123306
512081,1761.031401473447
783648,114.30712828111433
783139,118.42532796990594
787163,121.0247350596301
655920,226.32246555756342
49853,4325.429307922472
38887,1016.7610774162116
934703,121.13672638129852
31428,1745.2100804087245
1033,17552.47769212993
6333,1582.8342478017898
4311,1623.4678915976199
895094,209.6709958843442
1198784,59.49463887289183
567769,2139.995432845423
26608,3486.594196673344
415635,1021.4500488584125
605915,228.67658276772272
924197,85.16023443125493
893675,147.04239246488805
45504,726.884751368974
82756,921.10686518457
1127928,58.408952939707326
58656,14.138290185631368
167377,21894.968378749432
949731,168.75068699862226
859835,158.78008261738253
37598,3730.9536614596163
870293,89.7978733038204
34590,6396.402059004966
1146214,28.634092157515695
29561,351489.0289748169
272148,1028.6669357720718
1028943,68.77813598435877
821893,4617.358355265002
1155816,124.39620141835294
847456,190.93805210157484
696491,821.6591832659989
592735,364.35196335062
1258,4743.050438307527
844810,139.07462369876853
836721,721.240744857676
17474,1115.311794539041
1399,5487.89176300774
915054,80.09254250324838
19404,1126.2084540511785
504308,1544.2729332791403
18174,669.7684099149219
559305,253.30390651072784
260364,368.9452213977199
33889,1676.6767769274024
36614,1421.2287600224931
242512,5144.590215153315
739577,558.6787992633178
891563,662.0363776337222
781846,138.37669467664682
87188,988.1774753782166
12265,636.4415508400097
1218132,40.56659596237098
5833,1585.8684995718347
606286,483.1118581389199
39,17004.952390842172
41456,13273.131944090135
868896,88.51356913641914
488624,1781.635595425571
811242,120.84825564680422
127117,583.0637345337669
1092024,1136.1022915327321
482805,250.85280275484342
608626,3492.734865487291
850584,393.5197165541162
568930,164.08076600164543
18105,2173.9529633819625
498687,728.7123625489702
757458,1652.2501340353285
650631,381.42310964329783
829060,422.15883908281296
783507,117.51877442663542
3705,10836.788691771779
540423,573.3797806548848
547304,502.01025768577824
671150,180.26393866860272
68615,364.6429897703605
783310,130.16492093494753
950284,38.89593383862871
932850,207.94311831550803
2290,8632.068479692529
661938,125.46389077050397
34047,1761.8481320547903
1187824,47.842520313836495
194,23793.61390444376
1012162,54.70436173132423
17979,1135.405527401276
31237,1881.3502400926684
32809,17204.971809857852
1000904,44.703796928561665
145753,1303.0594901133989
22741,68404.72337517898
989669,154.67740490596012
870677,303.33872652380296
9232,181111.57892561916
1036526,1105.2985885886173
783415,299.6231029226495
604871,535.7841164351169
1131458,27826.721322841262
569234,1625.9190090127197
819515,579.333682331965
705254,2009.7357964528128
1215557,62.19641817316668
318,8399.389927276243
2628,8773.532698355144
1023726,208.0688426024957
114467,1250.179019340789
1201645,65.7319694699091
907845,83.02120554127252
18767,1342.674874922055
470264,260.3600069173472
932032,865.3071018271766
284327,483.52583489149737
365716,619.8902481575617
680165,10608.38467035612
653,14708.219539340973
982280,450.1565055758783
108441,8917.7854954343
1126695,47.59903402994063
715094,170.977671179964
845924,164.44169060424892
902298,2928.149611559684
587005,236.84845429162328
18068,2705.8307282295305
557629,856499.7368702437
474713,293.55293248916126
503922,2034.3511934592377
960555,331.77389932493935
627279,1068.8533619996022
783326,116.93414558839862
275012,991.533979626418
576683,1611.740975261584
1184806,22.47410523634862
937570,1018.1807867518098
1050075,54.28455576523155
6785,847.2772445996
757066,781.0050269739243
24498,572.975785824551
776584,126.35729144548267
11896,811.890955396808
939600,282.97362722824573
992051,266.44028377798696
657109,848.1323695434464
1186612,23.128759972543815
920784,80.53160268179528
899287,300.85455686054115
1080107,42.36337615750262
278940,826.2152405310369
1140574,157.5906356131614
1205239,31.422626234141696
525097,252.13343064051963
742296,141.2584133493142
942976,822.3803246002365
1095741,142.52176285324146
729388,1933.035056975459
1032846,403.68425222473655
910073,94.84239940859791
1076721,27.00101472628679
54597,1114.1036166491986
1173115,149.5750659335762
509848,3810.4397491811287
611893,1421.5504143190142
700663,1090.1950490563368
984648,154.8063171121362
413814,454.6288923777198
878052,68.21142969987537
2381,11253.555608108696
31408,2989.531722794036
948677,161.09794863861626
634373,219.01888588780506
1043608,65.9189549364851
768738,118.9515920582685
661308,7570.248620411939
311,226660.20317075128
58,51127.388413069755
919652,532.380423711419
916221,346.97139262314465
544536,577.1913612698577
635391,1839.961922786118
676665,234.10474278776792
1163056,20.766515261127772
409237,656.0893290807236
10000,12999.854447660846
95865,990.1720623703102
670030,1140.089005222963
995638,401.0261099650353
671399,248.96826482430941
596396,8211.719148788558
838228,111.47238769882085
1110216,70.0237192521531
923139,65.8747960457843
783581,110.68528944258355
783577,117.77868537997948
58811,145.3542796855106
995639,236.97427884419506
856147,1655.230013139231
795618,241.39902112568808
935914,66784.64100710997
1881,5069.215691359708
1203832,1274.098823262927
1132532,33.86205540888854
838284,116.09053883649032
484252,573.1727625535418
657267,413.0604238523732
1304,5306.808509545602
454670,3339.4333965179444
861645,94.02425789814772
142310,1189.0351703195486
649797,257.71224399154755
1653,31360.501263332764
947578,156.3872398953987
62960,5164.1202137124365
245758,322.9915045445568
116391,6495.353783016991
1118474,598.8138403154036
31465,724.8765075744515
459568,4821.982831297296
594536,502.1468049770487
635943,5573.105976167142
405072,653.0015682990211
1188896,12.866330427578957
868375,63.00624877630529
560964,409.9988441459685
617063,238.94070932849817
783790,108.90472005274134
1151913,85.77600673909419
445580,876.7495266464742
441608,652.4383736875056
55756,498.8749138527321
1167536,14.119083377488524
173124,9434.276668093176
687493,575.4661248974065
3330,7638.635042348494
585270,262.52916348382024
269520,1576.6637735884208
1163249,21.838451926260017
187466,34901.51837299566
12962,4935.283364088197
860828,177.833914125009
1167276,24.255297461607025
12927,3169.1171885710664
1012366,434.67706210382727
563388,532.1560496547568
118865,280.98581502443625
677111,428.8241721116304
3955,439.7737786391713
879657,479.36690842017487
2050,37230.47312477383
969946,91.22952774349834
2098,916.663417486762
1055099,88.32052656142879
621252,258.4565730330127
292,9721.939382257207
864452,473.7182280516054
788,7088.793004170746
1159749,491.4104383924899
312087,398.6737430671455
1149718,29.393904058115105
540238,604.2117585488043
625154,133.21880382501487
629509,277.2536502746437
677408,327.5851740820456
25830,1744.2474023398188
807533,124.71507486761598
301020,1326.4635218892201
414929,1138.1999301098406
75262,1122.3150585843073
1148331,2042.8172520591363
841995,681.931131327414
958868,1077.0296332733442
41335,510.34273930693564
964536,329.175827851152
806524,1506.8192910079313
722688,226.9668922617415
965053,278.6890658958688
1361,28455.325552212755
434472,326.17979724221794
980,7836.397017209995
41172,3131.3542152554946
965698,172.59398733194922
1015574,121.12066501113264
82591,2960.401467200201
44289,1366.3735004547716
44722,923.2046130486332
88550,529.7478800059422
158778,1196.616932145551
168981,713.0246289037766
35503,3518.8376748090973
31461,3920.2088055733475
1162915,19.34557933520729
657629,183.48002381670628
589453,402.1511554297013
422339,1484.995721336916
989445,878.8126856506245
410776,221.01404001864165
603215,244.1894109700756
220,12782.077191106353
168949,3708.0154443937563
1425,1598.8678171326214
54705,9663.603599372598
34083,3593.6571081385146
3147,11067.66965983159
570881,759.5338778805349
1172392,23.767895478377863
550245,241.57484286856962
1010016,142.53698163894936
980894,190.58126368770107
598677,280.20061981147916
877488,312.5021299288128
1008116,76.59997099942532
2123,4413.685102884784
771320,200.98592680432316
59119,70.69893112875693
2249,875.177198871226
31366,1930.059163525363
826704,473.9221754333086
379107,470.8649982067769
860618,341.1996841391452
230286,479.31637260052054
31231,2963.0751603296167
831684,197.4306591177614
822182,3285.1249614465555
388321,997.9592396690723
929120,42.32652672319516
368066,362.4182633384591
102034,75183.43404353556
984894,110.7893521076961
162158,458.51795624955105
840484,531.2261565067284
844747,188.0598348231018
1027553,39.99410809680514
7369,1873.2088722315273
795811,631.5502850761982
22661,2282.4075852194396
1138802,20.728938821717474
3634,1914.34674423134
847260,165.55163395370977
1063263,50.306863483738475
1117927,43.3763193183451
456509,1285.4057152659427
14728,3416.4856020493394
1123890,67.41206237349249
38130,3719.8074691005877
474815,231.0144149353913
847746,249.7173635688657
866,4284.445780145265
66014,1008.9094874034465
33967,4747.089691486864
1334,1176.5041092031342
312081,447.93346464164915
553276,1081.413675959743
569763,16844.87109021599
391322,418.0703391249276
583476,272.6866187201688
356552,501.51726064793024
39285,700.3502668836882
1069025,23.38321849694421
901717,211.28313416762992
870483,1438.9922390444508
439052,2372.851172697563
897337,243.33170259854538
46571,467.1680521110428
49814,1532.6920859382446
222487,67898.91690385691
621411,171.68373884269323
33895,4302.041773499778
839100,484.44115094578615
49832,1727.0072189836305
971089,815.8857734762785
739749,228.04885160852234
14293,2593.844500128299
169747,234.51887135617645
756786,222.22741511527678
972382,333.1055877112266
798209,158.43609097414017
198852,233.17172281680715
465,22777.020879448806
1049257,232.40664616029417
950540,45.60907160804881
742716,146.88755763795044
838975,119.45324220575169
26957,555.3848583467185
917854,117.39769820041079
1190924,14.178015294917493
629996,340.66682419320875
668798,554.6987497047884
681741,937.0199686928274
739471,515.1672172365222
616287,330.6686926372647
159866,483.11776410378894
720497,9483.362327264882
30955,1643.4673125777826
52310,1518.7996282900942
857047,301.7707866228548
763499,140.4281140525325
885649,272.50598670234996
1008099,120.55115675900885
911049,229.87916623148092
789599,151.98358764723855
1624,6754.061133012824
1053211,1491.2020579508737
454536,1943.4851120264539
128384,12122.576189853693
1164279,96.82063760447059
12799,23207.783884423767
46998,720.813150542431
34683,21727.369648733762
689044,173.16690489755342
503785,492.29102101215767
440921,1448.4949534439415
885,1595.3441313293747
827789,613.9758280373223
177394,1355.8965453251815
934736,134.91411953561155
29462,3369.2161876271584
585838,914.7385909405955
615057,561.232918264334
1037341,241.72561622731843
1004,1637.133262975667
693532,130.98631606620484
102464,707.8488974537721
601995,208.15539225864015
156095,644.1653023539367
34510,1141.970903100576
985314,104.57157802026398
829272,340.2160674549311
1176996,25.832481544435968
428696,161.59937264377768
811314,158.1654521228772
1181054,31.057392874690695
11167,371224.738689126
58702,130.419538414445
618995,252.30798998256628
1043606,122.57500410398414
497144,400.76144102825293
811880,216.71884824701462
566790,940.3004877816622
463373,1716.8162470441323
35652,2548.824889799661
701043,200.75094419110297
413308,5646.845826316245
54603,1029.5645039316892
572545,2127.7853735111266
592396,2089.193908772437
1191180,51.48701109160451
389461,561.3458303204967
1099041,25.502355895003667
900034,89.15714921891833
1175232,46.64935117456075
860882,164.90668553823616
29824,995.5839496319857
105881,1148.9920363856725
1068233,56.29918069373431
984172,111.73769453259145
834501,2950.725814483231
76926,2082.660744166454
502051,199.86493038742293
56780,491.7668670056251
954777,101.10223273221874
538314,1502.717720732699
844247,2815.9438388621174
1136620,157.09315929936062
365281,253.11923684379377
1007441,102.53467602642462
80201,1123.3872365906955
608372,344.3114486005827
447096,1449.63159351139
1221604,22.13669607116741
52432,2498.26066634558
476871,234.43778659118632
41766,4801.10157417517
866622,65.59951096730063
466173,356.1448251842927
765172,196.35177921833076
271288,794.6490056786349
714283,193.62609867640532
396744,3401.4086943252055
506552,330.0093317158327
1002,1729.5031729047114
424154,427.96960702083834
130081,126476.13507134808
33985,1690.6259635894344
821531,3022.534074715971
608662,233.6608261308953
975190,298.7002515284555
658092,155.6774447530411
834656,2382.9354090818497
1053596,91.75995799094702
31244,4612.942793899975
1536,1065.8649157649547
707997,1926.5266752442822
617123,982.7882623365194
485170,626.53810441503
1219947,15.162169675177765
872906,97.40284567948385
617116,511.3159321813807
967440,159.11334041375292
401777,757.519731213558
199750,489.4593121608783
610019,542.0781869980514
68935,1336.9851169992594
56631,4348.7886795762215
41723,2300.6051471288515
968663,121.09342443969415
772181,1384.2082547438665
759900,451.6614283339207
597996,188.53421097252442
192896,4336.418745654098
829978,265.68437868887645
286394,2630.700800124959
618189,1082.2648673967374
78953,7806.104342215778
210633,1350.3091398145152
410923,522.5894168895647
775836,2003.6231423828606
644010,250.42317750035895
787917,361.6792154975744
783619,111.91125413238716
1189,213509.51451388572
218477,5630.70139716011
1074555,62.44090908503263
157473,349.1700234979072
578412,5545.340392266309
234678,424.877191209281
1135584,26.88730657161466
413027,2089.3036562972966
875981,293.3690752554634
856506,350.42233735235334
781834,1428.9498726237819
65855,4016.291784376816
846716,507.8794065948756
2782,7972.724509270374
966713,366.62503348008204
703624,379.66088333635315
228477,767.9311728293766
679952,280.5428354300112
230712,1033.3692960549247
1140661,142.63595229174425
363573,274.33031610848275
988251,123.6361008378058
288758,953.8386440873669
804794,259.9889773935214
8393,12817.097718304065
7596,4652.335788047079
614407,2122.4481354755526
785091,213.3288263528958
231742,689.4934841788114
590128,1250.2093790548504
303083,755.8342226382284
2072,1028.1867212375862
547394,866.6380881380876
541677,669.4604584712667
896218,55.03765771148783
946906,432.0104020765188
124897,8760.709149943363
845783,118.88066173360951
545567,9951.902727953577
1211761,6.911754046606998
621087,544.909309950834
1070842,742.6287628503843
698,36231.48088144265
826912,163.08603566458086
33906,2082.635234957036
2520,57278.40636161656
579075,3484.279264211358
547293,740.3167342420646
388733,191.24122710720644
178608,9803.264492399754
866537,85.13942245850548
816723,373.4945823249462
12083,1364.9808940610865
760123,136.06644437107025
586148,291.7314169685704
40540,1911.952443969593
838236,98.38517350084548
886345,93.13063373579037
583344,4583.999454079335
284676,696.3863087760282
31401,1736.9088696691379
514863,7754.822084147806
15652,47792.276671734544
836136,120.15495995009896
953985,728.9918014718942
806,2414.967281565412
49837,1581.7170859570986
364802,306.11269282376156
783492,121.74593396276923
95498,2346.597688852651
13933,1901.0382096603569
463537,247.06660926124547
56581,1112.8169534309638
370606,249.48081825209098
1380,4495.63172138523
992428,138.16416661059523
95177,337.9572969559038
797113,245.38249154530132
49848,2559.119201424229
510673,1258.3110338827828
503816,504.40913057971403
835343,100.02826835223604
746123,204.6571826803916
894059,6738.783161293451
2807,14321.384402666048
132078,691.1978690060749
590842,268.76633448006237
6653,7688.723918951068
345,50591.8323281218
1219288,37.641971758715115
444873,298.8341756745706
878419,165.30009627896615
18352,971.4810786718186
424272,815.4486886242843
1169057,22.468749530616407
986831,203.45849799359127
1089,1306.4952625252997
59510,99.89350784370862
1107002,52.67076051073108
891072,75.94691097521752
611842,233.5096237049717
1191427,14.681288506836305
584250,1777.240173102632
389591,1694.7788900974035
1162762,335.1448132982213
34700,619.0955677769946
1202632,13.977111171916315
592977,398.5521447638145
28418,2595.3278058293795
270,32968.095586875184
26768,625.051008406789
1080094,382.6134156563209
1106617,370.8087697958906
49047,1066.5920826022025
402927,1010.5162651384568
505657,230.79375483633996
871883,52.66405258393567
961353,142.18971923591104
791496,1698.481500499989
1067902,80.58802847242625
576165,1840.5402625384427
1027824,20.634735049590944
924774,903.6832127515464
9669,3381.042942419263
31392,2542.0353481890684
325526,282.3572436992741
986699,173.23224164495616
661346,298.98091642401727
578813,258.38341965852806
1060993,100.727344471868
1129703,70.59624946752588
425324,113677.09588655327
543087,343.766169074471
592363,364.2229469689626
190436,616.4687395511351
553952,570.5790856675187
901527,131.48642064283757
13479,15583.091474558023
50539,34789.31596145389
1156356,54.867198303657226
417972,149.34743595987354
98279,1323.2200201812086
1077765,42.12970106160176
558703,1524.4891306643522
996246,87.76116650302315
1110258,121.39007258827756
33917,4129.609678026221
966361,123.79738030768256
1181647,89.39623626022671
425684,278.2477253507931
1055443,142.67899233193282
930192,39.04810347152844
392130,1653.5065613933427
879872,554.1230691578843
783093,167.6779376029199
891476,300.2981261289366
13167,2580.088495597376
62603,1112.6226147038421
1073462,118.8149478226022
602639,218.83560049321565
388571,522.0260718750203
982547,78.62966289951875
558811,468.3440430801224
586847,713.7902611755077
389242,127.81313294254764
145545,7283.9060059389085
973330,37.15604273830744
33978,1828.7378398811163
1209092,63.511057641623104
711,10738.342670479266
567121,1433.0380241297942
1200877,90.88222779581524
179831,1868.8726181432946
120571,330.1794162099338
802501,132.8358332511442
58673,138.19806375528057
1206027,41.28845252778257
863490,80.87369587177527
636908,938.1856771722555
972623,217.53895865539678
951241,90.92583362095426
6502,634.9621858504245
735529,439.81400706540194
411830,1635.590084743768
104,55332.49994041761
632629,282.6796896148786
783490,132.09827027098714
736111,149.43715211471527
258355,263.7239671656775
2478,193443.0433253851
11307,6815.11935924084
871327,1803.312233345494
2490,14835.427943021088
272783,699.4339367567072
559632,256.27825415572977
930637,67.88278831185154
728526,459.14989267529825
38633,516.4741198367
445,11718.214323998698
152921,320.2103907723816
889040,101.95795028819214
9425,12051.50690361754
26469,1364.0603817661104
123676,1473.317306732973
871081,62.74568695707888
1135591,21.057986073240475
225284,261.7878869943777
876734,1372.4460018975296
1407,2846.4393906902746
1168995,47.94136995406559
907961,169.06192508716774
93138,1186.6570651688996
18061,3503.5445700862897
201435,1747.4924035782021
788483,587.1408073011135
264247,474.4985938518178
644830,222.52633104142575
757902,196.7511227172337
3079,9452.082405212086
1181805,126.15486217442695
481487,328.8452819203667
121670,684.1720142486605
713966,132.72458910174765
412163,4466.325434999882
26764,866.551160987216
723243,159.11168631401281
1202130,65.63795501141018
470244,11852.814432508012
194252,408.3406216170266
13421,10950.31232998464
899418,58.8976161963036
575706,400.57290392507815
63903,16627.39072254925
1343,2869.878107774817
521303,966.5903441853898
573857,205.11816922130157
899261,734.325150818299
600455,221.70819335566367
509616,29814.34221260006
1971,15137.125021526506
199247,1076.9763155450757
783814,105.01032196888082
1706,21018.621391814395
823017,408.98164707237225
928894,554.2635967137439
1091779,39.5837025514518
23301,852.5758550871512
161634,8629.99196922211
1041694,281.8292125034277
17825,13096.319111856696
972222,78.76206618381624
1096312,201.26492378365106
838229,108.82569678328213
70364,479.5472912270736
11827,234819.01099980035
3148,1110.5714923453193
802817,1516.5530020261606
75368,34015.27161730409
1010231,114.05225703601955
891510,71.8089339864383
682483,1625.691984108047
312020,390.155737060162
791297,1960.7930915013087
19133,2570.5998421185022
41808,1784.4118563883828
639329,465.85324252618324
86329,7736.220611159848
944487,134.44712895788828
577223,399.3738195433649
1138072,1296.6755543858103
846207,270.2081761206927
713536,197.0575154010204
827990,196.21991976928305
91277,604.312575615398
22912,12893.127698046565
609886,176.78580518199115
439148,372.57214110848304
1222181,25.46929630924635
92400,405.2955278822483
415761,5225.861485702219
411455,240.3759037023433
925610,719.2863405630327
911305,339.92321218822013
755231,629.0612651142969
582088,4924.169675707213
387,30518.389034850778
547417,565.9134222425453
509,5425.454443288166
903674,248.164216355948
647975,279.3391266709599
275219,2327.247221222974
274208,11032.288587120815
815,140932.73743566783
859801,135.51798576056314
1219979,30.355357478387624
7444,5178.214205714304
1106609,147.07568335504362
10562,2902.6377744481797
490623,962.9816990005907
16876,5527.357890543691
7606,4032.892540568259
559735,587.2523832406158
673508,259.0934185936613
820200,6916.881312960413
116054,9719.547105862519
868359,70.46512437684864
948814,57.04746739216664
30321,4980.705789605169
786381,325.22043598550135
1027273,27.065039241477454
783805,118.74521365072846
380130,147.39894333607572
176707,933.0132791715639
18891,2325.0541142005873
735516,591.6011185495055
507962,37709.67178957371
886360,89.0339849639739
886825,190.74564160586164
1086531,146.71905498594538
732343,161.44532097698058
620869,261.96774976200265
587274,431.4311332790574
653195,263.9130365373194
874697,254.81508516736548
250066,323.71114395155456
568026,8014.551488951408
1095097,42.40641301680352
975995,136.2172448005426
872565,720.2306685252657
59245,610.4209795742654
382769,422.4352564494336
822732,904.6294427950318
447516,7578.752398054153
229578,1356.8606332446961
1101376,39.04979820604231
468404,1130.5011551950495
1119621,575.3380420682261
778129,544.298708769254
77652,692.0243133533947
970209,207.09102519049566
20273,544.2665533787283
133853,11226.073970826326
1018259,1729.5197476803419
23938,1705.3926836344222
1070211,54.138637630098714
714020,212.9826384660277
58753,25.61493238126256
2806,4176.741823073575
1156255,90.2370447038255
877297,559.4654233520557
943820,139.28167232881492
24806,2177.190680484958
1077665,780.2016076752493
41827,1761.2249334796752
971997,100.78267920723069
162204,985.4765769291984
821299,99.72888818012058
538065,555.1100660351084
695648,207.61596328010245
354058,382.83820536457006
468411,399.78938368755405
925036,137.79263134186064
49811,1520.7223381900792
20293,613.0682255169663
475480,773.1975892656365
663965,212.61763659861356
783503,128.95778902927154
833672,239.67602493584846
1167832,916.5495435801123
110831,525.524424203656
314562,1454.2051194546468
1487,52004.4900019972
232870,3106.729466784279
1098844,66.25704553575514
162155,432.8608788628857
35498,6115.728404434626
730033,227.57912448466567
563902,3002.8587151300503
965785,217.49958035608188
897575,56.78158169069493
792115,2306.8132665489698
56,18713.02947849526
124738,8672.11449929743
924402,105.75194253850721
1269,6429.070021360669
76707,23710.13568193107
1150,68729.05134802185
1046407,88.11844767919999
595706,184.56099638090666
1054729,156.85114725388993
34038,2224.6428248477837
1104537,706.4979272763995
693609,2878.902557322744
952888,130.14508680771834
810777,115.5395046976715
878064,68.4838482186115
600209,217.68616902052207
783601,136.73862783752202
826209,93.97980710245639
735344,170.8400762800108
1318,2407.012481241716
837337,173.92175101214173
967986,284.6561367353239
1036314,31.484521002771768
373567,6001.357860761543
680510,1170.3855325009133
1173228,32.75805776764087
923196,83.54828773448764
650658,195.58095756800378
35442,2111.159811887785
359792,1647.1519588939657
883750,1602.5359476185574
449445,1832.1820463288363
1081718,598.8326072542645
720744,258.3219874933071
1046414,113.51044165687269
1003554,155.67716006958716
682876,189.02656824947923
630723,148.17850363655955
123528,808.1450657096989
1147151,98.19859882119505
515261,2323.8612624814727
865384,108.5138421573525
788438,1501.6666618564427
763818,231.7176757303153
634391,249.69103014942536
940603,594.4066040781925
1119456,41.06249280588693
692827,171.59492058284843
36703,2068.055920785342
18130,1623.5397153439692
1060004,21.19181499097308
866404,286.6898532512421
1527,6703.044551871813
75539,2304.8313081324754
783786,108.03410204142257
783722,110.04045488947324
2749,48865.264790613866
836669,1018.343949742496
32155,1982.45789708486
42075,9859.700046205175
1013508,48.38946279472162
158715,434.41820576743567
755669,240.02011190794502
1100135,1305.5401827851074
723962,245.1162503086782
677035,170.1131352085822
903239,85.8582418755263
4446,702.6080544311901
782969,110.99216761318745
493828,2741.105731580021
894943,740.8994265931775
877929,191.889935215275
7693,2748.8739276651445
868771,267.71378595505803
1009498,115.61685254859518
1151934,21.363198778345826
566408,195.72714013241682
522037,5653.202808418388
381459,246.3305250625191
364333,262.29526326353374
955558,125.24195944782348
58951,2331.4005444303257
605663,154.0396521915178
422189,373.22355919864503
1072909,114.19017866022861
1197352,89.95578209143801
1070531,41.14340223232644
1002488,167.6314361409016
1051499,71.96491986820362
31460,1491.2800591776697
75613,364.3922870060493
1207885,55.520892231706156
549966,107071.32117882652
358358,540.7017425281407
31411,1597.272549997146
608539,401.64328910231944
1002646,207.29198121665925
19370,1703.6339921317242
39467,16653.207206359
142081,264.18167043161077
56608,1643.8624726200258
2773,2310.6802045316626
693859,303.7758271093288
859797,175.3687724602195
1091255,32.86565084670232
272765,711.2523666353262
1176975,15.571434426521181
397402,433.7614106048363
770834,121.03680119912772
874779,651.5378576941032
934209,24664.876900119078
916923,79.50787042246968
799198,224.48324015755531
820718,2848.9319732685617
110216,3184.839669184656
501015,24524.689313297316
41108,1962.056284754787
1116526,36.31512033946445
949400,592.0485606390341
778641,279.4971290115113
16397,1340.6037360045189
2596,3040.596551232261
783656,122.83662751007174
893191,161.96361388072734
501967,149.18051781421204
54272,17.90549252112266
595563,1022.5712156652163
4123,67448.42820441768
985762,71.27343297682717
822159,689.7810232409745
158865,1074.0860533859122
101374,28039.378173299643
1134229,27.086037999990204
1207278,87.16927134483154
818527,163.24400823449415
639848,283.0442347964945
260283,407.6091513124943
22307,32139.636028775378
6,48936.75070047175
230041,429.0426424212227
101287,628.0372054962203
33987,1956.3185582925241
545200,421.00831384073456
680898,1885.960503878721
354507,884.5537252972518
1120722,263.7049604143406
7016,1872.510189396634
117908,647.0944615134861
613896,377.33273797542313
950789,1030.0759184553206
836746,116.70238736900356
18428,4143.2533745547735
872819,218.27657884998993
1112990,41.92511542468966
1077990,124.44348833813251
1041148,36.91387681583122
970136,130.21194939668172
909680,148.92701533482855
517735,666.5446533170267
27069,41922.102527010415
1121538,93.1430010236496
92726,2167.8083545544337
830705,188.8313018390923
31233,1844.9832119363477
1001006,275.22730163749713
2337,3266.6213950950187
1045673,93.52050559105916
589779,249.06220056373357
1186840,1347.8492425739291
1107,18728.40657078942
246421,3224.2985051650153
700486,206.92491383763263
943103,346.79021985571626
587215,156.10416561069647
758820,226.36033030131608
225339,336.8611002262446
640708,949.8520854131989
1039969,27.03225384786781
34405,538.1022153057723
843586,332.216786690842
1072569,5263.044243781709
638974,2399.84512617848
817870,28042.66969413156
45669,6317.306707441821
52055,4972.072706015721
37832,13065.858210118155
1021943,307.9164861923208
836206,1984.987267151395
41526,2307.2420959661267
1062213,243.27342689940784
11857,1336.9934752329375
665734,358.21056559208756
28303,4094.146813398292
1192200,57.04196215149221
754622,347.1436088582169
1087701,226.53873471128585
537581,417.7681335750851
883522,192.44705328576654
422098,448.8128488459251
67316,2786.3283386040425
541076,362.0424200853882
1004057,27.530928493891707
1073378,986.4560195996817
14971,4719.094305561023
63261,1951.8563592139892
684785,287.0391796004649
144689,1227.1617866994934
501755,922.6975337819877
980366,266.00535397559963
783531,129.9383798170784
1086156,47.04877901265399
439005,1963.8172189837953
299726,320.1115386955365
455772,2401.3849006611053
87853,343.39132177356976
823210,123.10845431210966
723100,6058.871173439466
778395,1897.8551209751047
363,16419.739869792716
940997,128.32956531115934
666649,190.31583632250107
585876,2011.135707750583
642208,333.77923430670614
312048,545.681645225526
658,6634.513725643071
31350,805.9266027120751
162232,472.8771967943822
526471,228.22665744541408
110215,14652.331063305233
534212,2651.0983273817665
58748,137.49875802734852
1048608,298.5429502122066
816179,1833.0445599984967
742192,377.8041935407731
590180,7861.449792177265
218411,1278.5052688563892
838400,777.6723324123585
842820,263.48201478807164
913603,7651.06926555308
13897,10451.944608630749
783760,145.44209291982523
877495,198.36331858558103
4759,3951.9784680598004
660487,151.401847747922
865882,999.4679411155022
458119,286.7538988526183
465826,536.6242090212894
113245,1569.2373149296782
860824,169.2318051229816
1222788,4.9064688607960605
427369,591.4741918767512
970445,150.10494883507022
24263,555.3163026763265
753001,151.38199460465992
466717,678.1293453009417
19477,2232.0409378978866
3836,1602.716008856501
828990,356.3395987136228
518384,238.18206685495878
922716,152.3511125353404
752839,123.07401391916913
1103891,640.6954046091979
936572,425.16139500034274
58955,65.78675561619757
569667,233.46971063919727
564652,1369.0790880111738
716871,820.9350240447471
783292,121.07151268208933
590113,7942.036882506136
653007,4307.263059277978
81972,3376.784840109805
490795,1072.116688065039
133420,614.5405602191934
863035,611.3837423967378
359551,186.44521448241312
751007,134.39076848445671
401633,412.24824557378895
696848,694.8780521634411
11080,759.5073134552541
22588,15242.238597886828
638592,165.02660106184672
312017,468.11071245119257
952827,5772.3753495306955
674071,3038.010783885561
839239,459.67170459564954
1131768,1215.2033336917975
317138,6053.65049765365
838,22135.994821596698
897230,161.5054103493727
791915,151.56922810188192
905672,140.90695538154657
699001,465.4885615371554
822924,784.4227863475573
859791,197.6142776865293
682700,2043.069865957982
676547,162.65808037811868
228575,585.2987330611381
271178,1948.63919088575
793168,1456.1775828526063
314426,731.267263250883
936325,142.71743354994672
679599,159.537600657186
1126529,57.15613862077466
508,13257.677706720724
442741,472.8853038073851
783689,125.28204613074845
442882,250.36063536626781
803828,315.4207160761625
1195067,53.83204467778955
22526,76662.13844911857
1141654,89.63563902698603
771009,278.40423723914955
1166258,53.11274494876043
269116,9586.944601134413
946224,1516.7946706697735
36565,1643.2420076284006
783122,109.82191122725314
20001,632.0666835141982
24366,549.258697835906
1117,16713.789714271446
72233,702.5642684481362
394036,449.89499913795345
1569,10544.324293615447
2468,6183.649201027157
1082594,20.891479981619657
1125049,47.17427874633537
1090726,423.9923675527903
736450,149.8648901477607
8186,2727.0578762464693
932622,267.856938398366
741790,797.0460626073275
28423,753.3040151975475
945387,254.0430443924538
462883,1857.7663880033338
1045606,129.1827450741252
863812,286.32837080288965
527436,5244.342399144243
223419,220.69496410517598
723361,197.08816413512957
149760,7275.295377624331
517480,261.47570828509714
605259,236.36050335979394
786,8346.269857873249
23488,1743.3126732811304
783203,118.83212552929102
371066,313.4382255864233
1168337,1162.476095161375
316250,1010.6415677826258
188628,1245.6207403672315
820781,134.60946519730263
202526,3740.427306494163
392604,429.56334623685154
373809,2929.041560994482
146073,919.4174666505055
312008,443.63968288598653
833230,139.1875235923391
143941,440.3204490475213
244584,153.26571361906062
863468,1344.1629603004021
496209,747.6955649672218
34088,1830.9709018981007
679324,935.2809277947553
884731,62.399587482289
1206511,31.90033461416033
425228,1945.5213912278896
922275,59.01379498614131
746878,497.87133663795333
1110215,21.617075198575915
864229,81.01010388092301
30756,2473.46074963068
755946,15306.943240814275
63919,876.653894515044
1114104,703.5555151711036
636071,272.2383334358451
803869,243.65119604529457
30106,8701.912080968208
1201695,72.4869006628992
1143395,36.89827769167111
223836,245.05178785209864
886351,95.93299280409147
203790,1049.7329493797063
818784,195.9838855774131
51719,2954.620911929003
692883,440.1947190530878
1155696,18.52995789839247
92255,345.2986258430296
1150837,239.06189658193108
93032,347.1748257412526
563326,506.826266300448
637846,219.40836057422996
583336,253.03586468931383
682797,185.14948058959007
925704,1222.024687210338
37691,35595.497966592535
515427,883.8728962253434
427,4038.4450160467804
11388,2476.0096560571765
1172856,56.13427389122317
166904,25820.645202551135
890121,324.4804792021701
965418,56.859008851116194
796972,451.57884632475424
940674,37800.11320384625
1175444,788.0426426464875
1022973,46.79444067770473
168969,679.8180189081341
828086,141.7988803290665
1116015,27.424450793569175
916012,499.01514855022486
1208277,10.803505811916844
889829,86.33167445267142
124448,1064.302307710836
3398,9920.34855927764
637399,928.491978092741
494714,492.9197758878373
20873,2594.147136733036
211003,690.8821942225263
817853,300.81840552690744
871908,53.328780088294074
805334,851.5761656540355
632717,145.09070679239085
174999,12368.151529767538
753802,35370.12490723365
852719,154.3990887756852
1159802,89.92060287988154
710,3329.8396411983467
739286,159.26399558807202
1281,1024.035699513069
929786,123.84487445177378
255093,20811.583176512046
1214025,64.58296222592766
470506,457.7804199346403
827306,102.03778920630025
1087468,62.5399358096152
1167376,29.00211656741954
801300,153.56560629941947
814967,108.2811592355358
973364,48.58980190642681
1168,33050.65230113569
878626,72.85483519797206
671001,211.45613663852464
225272,250.1744280267116
206361,3293.4976283004576
913593,154.12836168594458
506524,1750.785566979182
859840,637.3918052445109
620520,295.6553609976623
823099,111.61100850913787
36574,2763.700272739187
440842,686.4769062111087
788423,708.0519172364394
152491,3015.516479629689
16721,32403.874720400185
677678,309.8397378377339
676822,466.53950326993254
1159842,100.41964660706941
888112,11198.39089180361
866925,1884.3551923167502
1032090,379.03560228978546
1132821,334.3661769753944
6722,685.9589259238315
814609,395.70435978898587
58226,17.91857471352177
62527,1385.9803941339692
682231,10176.534166826079
954001,151.70521298562537
95507,323.9700677243512
733,1872.9131492467486
847495,112.53564189348229
72594,1830.1760752487708
751411,301.1178584937938
696356,230.8023957097639
1050362,26.129179302233723
36505,6942.627275514685
773597,2259.16189884821
6993,1907.6329882163557
891809,128.269406802348
837793,5996.308910487471
1072266,137.3433060043715
830761,731.8291490046715
594870,247.48063136520344
97589,808.3195628232057
720480,948.2378363810213
25336,2070.610316286166
980643,133.20605369401855
756214,18334.196929792357
1057522,64.0952552120265
531338,239.33237459338045
977311,41.365318600435536
1004280,6253.735639555878
605543,1247.24310953605
861606,311.0616168925029
82911,6659.274044989564
1006298,109.7623804623481
663725,158.34832903624167
466041,271.9057467181512
737804,296.6899852594298
696008,230.1932065454154
414522,25685.46206772134
820,5696.947759722058
1075326,1236.1825204575664
594373,221.93758368094316
19136,44076.409694270915
1122734,59.07673891174184
612,11838.444061811073
892552,110.55177362212947
1182986,322.9292353582698
813843,377.7684881390666
831460,186.85372155483412
312042,579.9618539508688
694560,65920.00926629236
5897,1528.223095539999
944034,155.12194901871018
467000,5880.170391411041
857833,189.67226249306245
20820,8448.840273884207
1132744,49.253015560256706
566027,8344.345764745061
942410,1016.3227498188895
17517,2641.3073763355937
8250,871.631247756574
783679,288.9092895113055
725737,161.40619230842677
1204700,12.947283371856908
894461,228.85396933058777
349357,1373.590224899856
1111101,31804.432614630812
811937,84.47576524529383
24838,895.816123151603
770735,139.7807290144495
817928,213.8941263921537
803666,277.8656564635529
341581,11079.993380503241
473781,792.8273242314872
582693,248.5167810006984
729820,5668.531638163395
1097692,27.688668430752248
1023753,87.09617932100578
1187533,166.86504839286562
351440,519.1012429799773
708,6920.032126549679
253350,294.36880573160505
767822,265.94991259394214
750579,774.6096022900302
1120894,33.76381769529489
827021,125.13466063544294
687187,8341.038078653539
740328,133.15056518734525
1177033,44.165997077432415
196294,9727.783751911085
612374,2332.4488507392116
1147720,19.57518628569145
917804,55.79574929686321
868338,267.0952079255711
652083,1513.3532741439108
16418,3073.421412802558
1005815,67.9761526144607
875178,873.391512883603
448279,347.1694480330127
594179,225.8949394376864
577605,282.93923456127226
162175,429.76310116182856
699328,261.1018615773115
891443,262.9128260652746
534644,653.6907813612859
221671,480.24381011300864
32038,19951.635238836167
565954,262.5665728862644
610601,275.6859150374954
34117,756.7080163117935
501876,841.4200738017703
1169596,59.73111713931487
10559,2021.8617116534606
928054,1739.8268358036569
776060,1345.1078738813464
751726,526.5616807600895
1416,2073.6108094504343
29742,10816.477869628576
901888,80.73218489557824
928342,233.58939481776392
1103183,247.19874630434924
697952,244.03997800092066
699345,230.73019388340404
297292,4729.119060712081
516291,794.295634300503
575365,215.0072033229028
240284,1988.97634625897
995156,1264.622496962434
505790,555.0967151887327
564100,65068.88866208671
714928,1401.7844816495594
43169,16250.508743220822
691579,181.29764162977546
725840,116.22800854578419
36554,1542.9072713887413
434238,940954.3632191103
580134,315.3434558678254
626057,223.76894942965566
663181,420.6414716137617
677088,1227.7283782494467
762343,208.54741430685323
581672,212.86806305255195
1120781,110.219913674479
464055,172.74525323344955
312009,632.3195265057658
850822,2464.1672886110628
913886,45.7115395817418
326,5115.283216984164
49849,1754.7569076620275
1075972,44.81313779382381
29671,4481.117297230135
101174,2566.6990120170685
525627,593.900224166765
33907,2357.4832991981075
158514,2371.820224254749
821028,270.02687789130823
1126372,54.38843203479524
56003,3569.6876167020937
729660,5091.136069851312
8297,930.2123536331294
1057242,343.49346587970876
1208162,129.2504828922711
1105452,166.80939612487188
1191487,18.770175556143222
1899,2344.724780088779
229497,10086.290874534681
591092,1082.3603107106132
469725,829.0997514751591
922387,341.44719411952445
2092,951.4690082967682
667421,1059.4799709269491
599589,266.73256696351035
525023,2103.024652831888
44293,1550.1029035971371
1202982,85.54384142499653
199808,289.8581398711579
840469,640.7804144063446
201247,3487.2491893977767
43173,790.4497696382052
959877,49.0507973945989
846068,154.20834885873933
24390,1947.5366975157187
8051,616.5002217937305
1955,22965.547415904766
825851,48876.203417597775
769463,1607.3942522757482
148512,612.1546453757836
159,14855.445436434233
739520,326.6901721496641
34107,1650.5829195763401
935942,321.4519646098183
3684,3323.865496515495
16008,800.5315934857631
1149551,19.556368739185626
1186313,308.50417288585567
10798,852.1429015569403
1117596,22.876041582110723
858007,143.3508144780874
808085,249.51473044577986
581332,451.9608871401475
5485,3206.508856385203
162166,509.78457485684237
455335,342.92036465144315
670889,1049.3230688441454
679629,230.1505079359366
542661,408.8744824918537
35613,4948.145426208511
847621,182.41575739464793
514034,617.9723850469788
423966,530.6334824889974
700972,355.41494728531296
788120,115.56725736110292
312031,665.2523294164165
63420,4031.4530123602744
29784,635.5609540924762
805094,249.83659810148984
888787,129.17794027606382
2215,11740.140569575282
471513,224.07500761615844
902561,56.487908981296464
1009918,1147.301883551499
901707,100.38335777735337
672423,852.7274247953027
46436,6172.231991346321
30354,1505.6546629338816
1121606,345.48172479971043
983044,61.046269372049494
1187455,11.669417340012936
12528,29014.225605369436
783163,120.60078641228067
706233,130.43440590896031
1650,1237.9155997396406
116502,376.89221216928473
1326,879.7817199160312
624724,687.2871035649802
1013221,186.3802932278508
915576,53.515258226740514
319134,1454.8367183301991
786908,195.86915419817106
824284,247.2471463007579
104115,26247.694143721546
760187,220.07859398297776
996432,688.3181107704388
341364,410.6644228462716
552147,3298.225107880842
41709,1390.118496221916
1040895,976.7907319644422
26005,1542.8894498386426
780275,203.9109099238181
453111,1148.040467527162
1185490,26.366848846170175
55235,684.5192246865885
701,31769.576346433398
386616,1299.4800934664995
813556,179.72146801099242
57956,1675.091303078702
765573,324.988836969485
493297,330.18386577336037
561256,75373.04545396825
997626,93.76247631167853
1554,5650.199082355305
12678,1423.442894624004
1086320,21.169754433230136
617529,289.04498454511196
783674,124.86021096305659
497001,2056.2984287332756
1091507,60.7236019180167
875484,128.77867817974513
1126449,62.292263630895256
68253,4215.935520766163
1141694,156.2751436125968
33820,817.8219281391811
481054,2402.7599687580414
512774,1283.271248835641
950078,120.79856353621861
763609,115.6376945074533
58601,57.57260793381456
741169,267.28620860789533
1918,3104.6674202976783
69655,1475.519341761749
58906,18.897996383191966
12551,1593.9836043399391
278947,6851.692939380235
110374,73444.22926486065
897245,131.2341575914281
128207,543.165621477542
36305,40752.980411880904
583332,368.25200603253006
843529,112.77650165349334
588041,168.6327210347661
1217067,8.860109480960212
1026423,60.4923265734266
53947,1274.834938215705
643,23349.74357857691
22548,3542.2532303477587
782268,9326.780560477435
984983,86.1074692324016
886470,81.61153617558912
181069,85.42943679563899
783600,110.65363789266286
675377,462.4239750394216
228347,1152.960103046706
1136218,45.58607493315509
33159,778.2057922540687
727401,1066.2918605706388
852899,159.34155333253364
714318,155.11942868373464
799933,546.6635026523312
878617,331.05202499216443
1189459,83.63865231933092
131374,1566.218445388435
44285,1546.113294820538
14279,4799.204154002613
1164496,56.60143247953025
145,5234.3421544272005
731693,1022.7386698553075
11267,1001.3586209828571
783583,108.78832260500934
271443,4709.242148914728
1217327,7.446484573677967
47934,1513.5785992072463
2122,974.1111093022993
303039,602.0268862484743
1217306,42.44141517004239
62920,209620.46171011805
810563,416.1515131051956
697352,446.1249247961187
40154,1664.2652729581685
59040,74.06922013884807
85120,4125.848116215323
659468,215.3174123383153
31239,4105.406315840776
57507,7466.811916517718
299139,1914.7315804977707
950809,153.7615968487395
424,13779.859004871436
777411,170.4343998602706
42941,974.5974558044076
415229,1004.6061088961692
114355,1273.1147522791744
25090,5145.111325504807
890325,737.1884781515865
927494,55.98484687085786
960228,42.98801186917661
107074,2824.357271406617
345930,645.2470465153307
237466,277.7794342165186
653490,204.97444797783902
71874,1606.1456411442293
1046851,312.0396961221784
2042,1033.921531222862
446365,19478.100908088487
712597,248.14573739871264
28030,629.0192229066686
731487,328.9879742122257
783210,122.58087405853951
809886,149.393453229124
888463,2951.183411108171
54410,568.4777134863502
826806,121.11868075927345
639944,387.05344139585907
1838,939.5663928751804
555449,1146.2270651224596
802806,611.4614015204571
719587,292.04959628933193
2133,1706.8021174385285
2661,1740.1880643059555
242620,728.4005785680833
1136313,114.0955547457444
63153,14874.06514439203
574122,625.8336111954216
68930,1132.792786470148
27495,589.1769349555676
894354,190.41818015407804
8856,72447.49957899073
19911,44676.240250820796
1128232,5141.915010581493
582634,298.3686545089715
1098723,107.25663052796864
248604,7246.923638797639
777190,188.24148409368408
644081,188.17127534352898
1184472,38.648760198706505
1212896,36.352884225578336
1151114,169.52415483397323
611031,1050.1097808397487
679800,433.52787364824763
610671,216.9860462941471
1004268,85.09745563374537
749135,163.87256188713243
189574,1157.8094114765147
374612,220.50805367353237
558817,2258.6196805252766
3759,107897.97197398677
652686,340.36045224097785
854418,151.66390089779506
988445,116.41272281852126
1212541,30.208488317646403
674,33637.02697473632
896381,56.223499608643
838273,110.84328193791505
265956,1875.154998042398
759,80794.20145483658
573969,166.07551587048576
1099487,180.81422742208778
952838,211.12201340285515
3542,3471.127046599804
831374,634.2816440385592
809731,110.86693402855315
764608,268.63151747264186
28940,1008.892460085584
590517,255.0993939043801
565807,252.0750114668825
187248,714.1940292948065
611884,2899.6169862716533
26846,5647.352817761077
1062064,29.63984574641046
1215946,7.744539180835505
787605,161.6424261891703
402471,532.5773761891705
1185859,47.38262030322618
669276,857.0833789521754
736814,229.57064825982832
988162,64.65077272115137
55320,88.8591646351198
495105,295.79084796657617
686058,254.66653823039675
719259,251.48557876094495
8425,1094.9261458730823
729469,273.7507489878585
56690,826.0277409946272
634196,187.54412328986345
1051690,830.7321886595438
192415,1764.7273606551114
869240,1429.9690861560828
340221,3409.471091677446
1158033,578.2427440745539
16566,3423.824877002734
192790,4155.173303328776
860839,106.31101774916263
1070113,32.43004938688762
3272,4593.490669592257
1091687,20.908940397347738
247251,2734.1097570298944
553311,1050.2802564957926
636235,376.59815365655606
2259,25087.655376082334
988895,100.33955111342911
14318,14118.515291910044
1078460,360.72801616259574
1023392,73.60753097931482
864877,721.6605260555618
606905,317.93118249340523
53102,951.7461374836763
79137,7156.610870336441
595360,1285.9476595434803
608746,1100.483132707978
631990,579.0579202015308
528097,234.05493102787756
855,8606.622756458804
858136,148.1915393563138
656934,265.57744620575494
768339,401.8133971271378
801463,126.84465441225429
1142306,20.9393930544129
600434,541.6020482445657
783322,115.5943023989084
827690,118.1149279195477
902411,2952.060268907479
1059102,62.36561495677532
766656,525.0597433432577
859838,330.1764646710315
886326,298.7083718533913
769952,891.0591334476794
60830,2563.654267094995
777903,541.9669303949321
1966,1045.4603825901222
531502,417.0023514454498
1186239,41.317950870289785
832611,230.75781548688258
754879,256.62320089959064
649248,664.8591173362593
108608,1380.777144302104
2491,6166.073868726366
33996,1801.3984736960756
17167,10133.764585846824
377918,194.81941544166622
108954,82.14334557917574
418344,2732.943814280405
566804,480.79834186948676
984011,176.86191576723948
1027353,77.9407723599929
778026,428.8496790196732
1015903,2187.8518470980844
710919,1275.0488929421053
264438,387.910193727514
1070664,354.73279985439393
1197248,255.42361049065335
50428,1871.9467556715317
1010375,39.79913070369174
56174,976.273762029066
27914,658.3984997686958
1128226,429.1155413925942
759515,153.02370673289113
633203,1537.0901789971463
1122513,22.768654727298838
823840,2191.2778477627794
2044,1885.0010305149108
465687,923.7991869582214
517625,1361.368092431506
876413,131.8154424015527
1154822,25.045025249831866
11221,1806.961947656755
739840,340.1213169631028
26699,1156.5086696866044
377106,1180.0881135559691
26151,1950.9585852893033
20991,2165.8692566359273
661720,476.89564184826634
1704,4055.2081954150444
448412,419.7954319674608
1188849,590.5587706452034
27512,1014.1939634767206
58767,21.33849518210549
1043236,22.066069163597792
1063788,1489.882927329044
459705,198.7976331949915
626026,1199.6068371228448
874923,85.62780414993497
1034152,149.0564003971518
159484,8823.040863618155
676,12439.578956195033
1138400,22.44534372392318
1214703,7.6098721332589045
555298,984.175442550831
720668,268.60202658207794
20899,583.1022782694424
1168407,18.914641949064023
549212,232.57530414275274
711568,330.6834202272402
411293,213.19576458590444
224795,6481.064386709616
201575,4942.904605680024
865278,6599.132690611346
533871,91592.53692686942
444937,613.5840786713285
1746,13595.033304035825
1074867,516.9386883892249
586033,2256.758192550344
771947,2021.1529099367142
1018569,46306.53040408749
715354,238.08278187482452
205791,6739.1859572979265
39342,520.0793918169252
19894,2913.637493170392
1152683,89.31256483369582
430503,1173.144781951136
113876,1228.481326587791
703714,1447.0101101211692
31871,3909.9403374085905
164979,9178.538695373416
1001428,83.29069283657529
625850,235.11191711115674
945737,126.44772645165298
35992,674.6008752582395
868339,269.5018650848337
838500,210.35727532900088
1218162,33.87028754105373
423349,9259.936872424063
849495,232.60011308626005
1035931,83.73174541267561
1042832,39.029589670705164
1054755,20.93472630751599
926191,161.1203762533219
743366,2117.8958048050795
110143,678.1224377210204
1205812,43.82560391724287
896112,57.61887063973609
25999,224.97026248057495
661560,212.3181616215487
891291,303.908555916714
1009423,39.32966549692138
819513,5215.850731662367
1141622,50.53792417198818
839256,195.7860591825659
107738,395.93764099683005
174293,19942.84636344659
1214388,8.4568018818599775
568046,712.1704099118206
67857,497.2351929528805
450859,534.6974565878558
876650,312.8667042420002
143358,671.2234912091999
1029230,29.311321534592825
659804,318.26767840696937
183371,2398.2285644498465
389444,410.438110366594
970539,339.59250339725634
1182416,7.688872836232404
1093125,50.304825896570726
29932,2010.9457087450949
1202939,81.40613717344738
679830,1529.0446154339113
546051,189.7869640357189
910864,846.9724786521487
482820,243.27785898741797
31879,7377.749439326359
103874,1075.653197498007
142237,428.57231137302233
885040,196.51583468280086
33957,2554.62138885616
479277,1107.6555280609095
1189423,10.785736410076852
740062,240.37186924546043
423357,9080.020081511053
722,30950.215192704592
959598,72.88704361708557
991453,120.28412383262163
582660,240.02976255403092
834760,689.8357984366941
528133,260.02997041243066
541440,1101.5605704130014
625937,405.5014121031749
880206,393.0242601479403
783612,110.23237486288218
1153153,26.92434106538884
33306,4467.225652558471
1097,16363.608346125531
1140907,51.6810207686921
733412,406.8486366190177
14439,10099.889584314125
503277,303.3112336610288
1504,20087.04355272301
911044,443.0666001194882
1172728,118.4483279916978
546263,9858.36534278067
1071,101062.36742295191
555763,1147.9578052507948
236677,615.7966270996973
162438,273.2095436584657
873885,502.14735942439955
96656,493.28986540755017
959,5930.971373802914
673165,137.42788288916964
229080,281.1454115838412
924757,71.48275422298289
745353,209.76102576728846
778634,1150.9746731195287
262756,1432.681557347716
430448,202.50553192428487
837952,109.00778088365898
783527,115.41007392427827
486358,492.40710458234565
962607,213.03892764947483
95,68968.49578553741
552239,11752.21749401359
62952,3366.8292308896157
1005,1319.0288893066077
470391,196.63822665414642
260027,5495.21981307507
1017895,55.4529314082976
783039,274.0781432111188
702901,204.17267911377834
495187,230.68256803041749
349416,1236.2186377164492
564745,183.71945178481644
863787,385.54479260943265
34062,1887.7641702620097
979081,751.6686790491373
365870,644.9556906120018
233939,14488.248193189069
2374,75820.02528879125
587187,1199.923215843797
467015,812.2373062653849
974004,181.74444363398052
302883,311.53778523070014
820958,209.41594608438973
842181,116.07455908617523
36410,1431.3051173623764
886299,90.04092409339033
162181,453.350691429567
890341,63.002035411484044
358010,1076.721678279319
1043662,107.9751606129164
892340,73.75062255734461
64986,844.0902412466623
729865,156.48553956745835
742212,301.4374790253866
1118726,157.74568854731857
167452,793.4709478393338
386784,2495.5672258365807
422744,1558.88138658784
648391,358.1894759202403
1041311,4628.792898181972
1019472,87.5452541252865
958011,630.5441088155312
621865,226.00465851403496
492918,516.6855991752528
944598,45.458274863535195
856757,128.5799090314914
1209191,41.74022988784091
71736,1462.8815096325256
822027,473.87941268984275
98860,2964.584058627651
876905,145.09074360059876
787316,156.1978609193908
783297,131.78739185104104
1221105,18.00776030399338
51745,3937.9749125164053
594599,301.9433504779537
795176,168.83545146773162
10330,1197.7775649116427
621878,271.00500503711993
924058,174.0430967241094
946028,290.418187475678
294023,241.2116205713405
263315,417.7301624987758
650952,243.66565992332823
1091682,44.31916915706841
809083,2761.4728576093844
863921,2157.746651393132
965643,36.67852613481292
34080,1692.5449390421668
1284,2002.612605753397
984101,1904.7998273780129
954101,932.4495474442222
836566,1104.299204963665
1156793,21.991686165223687
458802,231.6803845815134
963097,202.70044988973467
82169,1779.5949168192917
162190,512.5237039328318
714,30854.013705251924
405004,548.6944170492905
1040941,75.74189214804801
304180,442.2753692419502
449036,2524.5742282469964
400409,746.6489274013562
594620,1980.269977975376
783712,114.8171845555588
1071257,52.587211118619884
447145,2614.2333001897637
1205389,69.3178861812207
31229,2421.0813100961122
791304,437.2003392635143
74447,719.6654538583149
450143,3401.8643142383735
199291,1050.9014211647004
848237,977.0557609914607
874758,58.845823068271606
2912,15041.867208573363
1094089,66.42485873073012
678358,248.0716444707252
617950,1043.6095257260715
837885,13226.370942879023
727179,223.46906595961215
802084,136.16194874390317
783553,118.15012619700556
39350,1626.962201593014
229303,1496.0228576823517
289,4114.510565866079
745626,215.32123574489236
795871,618.6545561436928
951549,168.6371398119852
34281,2454.8336999302146
792301,306.84172785482497
1100036,374.23163800496906
72092,1974.4219880068479
433498,319.57936399091125
59083,16.190267159474498
610323,50289.832963375346
258011,815.7476473315081
526740,895.0568099895198
855604,717.5803266071355
388401,561.7024683239965
642993,297.4983642124213
943000,64.79079418351253
1024874,84.33935245922375
11594,6245.74093146379
700888,271.3224661692066
19535,5639.6538699397815
927490,90.86796991333824
568571,391.86753225116445
953809,130.28702648430007
2561,5026.029213119314
954466,95.75084285950973
519333,15217.108649517317
44117,2333.4090398710787
846285,248.770254513705
1124781,21.558410342272133
11361,9713.41292811715
439931,828.5406241494617
927783,42.419782048098966
59133,16.598278444268143
1033829,526.6939306743906
573434,444.3152090160661
955207,192.8439133498037
575536,268.01951511870504
37497,1722.3385624109546
862215,133.93410411622685
1199854,26.28689733314075
807759,290.08553074515373
857957,78.50255573552262
939200,287.0083311729118
609868,241.0867757685125
1124220,300.00883675303476
836676,161906.1395003921
29440,2661.136332757518
35496,7301.088617773813
30322,35938.05976535411
26576,3869.0659934286327
913979,386.23804408091866
309430,27702.326363661767
784896,13579.293269220905
1090223,26.573053158932627
515802,1523.576153482955
812269,157.29837643785962
1095362,452.3847553313516
52285,3369.0199149019313
18261,2758.8067990596815
928942,45.98380561268802
31232,2246.2300143852885
16111,335.26357437660346
535720,906.9030050087173
52057,5243.758509854445
152498,27858.773783242537
10417,1904.7982126401373
116963,1468.3089119308793
1209199,24.996019483212894
1069382,549.9750182495612
139228,1113.7278715650364
732739,179.01784388528156
358846,474.0193951470915
59101,664.2720149326165
989769,293.5860790729695
289643,491.57690597931486
1060086,25.08302405405052
58827,16.806904613523727
1904,15615.91354866555
383981,341.48540733392406
37977,1304.6409941829418
107620,66556.69900072057
921386,70.58184844738597
565970,486.9569622353134
734201,344.471322084043
448993,176.26591807041
36560,1654.108007456107
850950,432.3950158326154
1023402,84.29302579691542
892212,6191.495118510325
553603,319.44905154298334
1015325,1097.68124799604
883755,916.2730363625756
297829,283.0571083705514
1018159,1438.7663427610785
937938,81.27846921746549
1115982,19.18762311079442
889044,191.67141152817774
142930,18742.541597062096
417323,738.4412296521286
23651,77717.79493391683
1149881,15.294426225490191
422714,540.0838311713609
972303,111.81602169570618
160789,2026.1678155055727
208794,212.46285733261803
256,6172.998021720929
907630,74.329902781369
784363,729.0870491154278
829839,228.67724347303007
752464,118.19195789708648
647086,201.0017147883979
1162596,19.63659192302794
1019437,4296.06264138835
1088794,575.3399899217613
1074678,46.4704211234844
1219370,8.877936481982076
312076,360.8464271766633
905,44647.46728273282
490561,535.8775062256373
744917,288.2915453853336
515695,10158.679028439605
475199,264.4877047113019
240307,1619.5994813636535
1191907,193.06364506473938
377259,446.5015303843218
611886,182.71242726432072
1151440,286.96653312406556
5236,4253.213865831227
65686,980.3332636228141
573642,870.1919031636655
22987,19248.71540105213
953572,117.34813569796222
239299,251.86057393529663
1053964,70.0129819192246
1084834,20.29794471508882
63330,1867.3890872793052
51156,2290.682539666868
281893,414.59699930347506
29221,3609.847468321143
784425,342.2634655318534
275283,3932.3170102434383
372092,1019.1551937060494
794035,1171.2354651019723
947251,54.99442162608632
513420,667.0630880556527
840007,93.97867956969503
643478,3218.9222067338737
365055,953.3186044635103
921879,241.40288322731197
1193577,38.14742405127555
1113064,24.807851999144635
950705,189.3656683071832
495665,223.5973147941113
27309,592.1738319131025
527553,939.1928655409125
474330,2246.063822069268
848974,217.20675529592964
889614,159.69973695667093
809729,104.82085730494994
750658,378.8034666634832
609158,3599.7801447279885
522920,560.1572838747035
1220125,1259.7627472485854
547911,567.0859906709298
4665,8787.820037950447
402299,781.0925777354184
260294,349.4163904056729
603345,262.1454075432737
778173,140.06869775485958
571266,230.3539554860174
142,34153.80104034829
37448,517.4186033970116
31333,3332.1914062546125
783707,106.70610246224363
2469,6162.076989163855
58241,69.1630713423831
1203214,12.429100855190557
108119,1498.8283753290016
992744,424.74682584425403
894882,233.33458102600017
616982,1119.6775057642526
1029968,914.0662375778631
211450,2464.1837168023153
1000971,34.92955808129778
954276,351.5012441043433
1072835,26.20939944124502
94330,4755.362619411635
921545,13613.320770967011
1027320,32.93361257737361
43772,783.6166462306484
814125,1036.0083566805738
764917,120.15891686956836
774368,487.56849383125007
4738,46656.86321500512
400254,1671.4896286395801
285893,1003.7953314895873
833303,5587.521576978738
512985,270.93250065261526
642399,165.08766274566946
904486,132.10993387217354
584484,225.00962528509072
510114,857.1508365653134
732677,1457.6869494131683
26789,4030.438580257732
804181,3964.4480881397153
948173,52.71551025151326
1012401,40.34603148354915
558169,2833.0867712668887
114817,877.0699065401915
913696,62.45820910470251
122892,20092.138485777854
905768,2098.35892752256
537392,641.3068855921045
735805,315.0782894882078
1030187,67.03978441338066
1200255,138.22970336289526
1114352,42.63157051951317
432073,423.3621402254602
106549,2809.2549839446497
1016932,83.79261970660065
548262,890.4896459226233
501016,1625.403839737631
826772,535.6807967175797
993226,192.86248387486685
452445,314.8620177203516
1091862,352.1538057012432
236,1972.6269957716295
326046,2168.18669715546
1122737,19.91103886268958
681663,396.61522935308153
1701,14266.652276641078
599325,316.17622338804955
374,41308.04600740474
567329,754.8040769381764
193124,4525.639052251097
623095,4262.972715324218
1168975,150.4588605053443
266957,17816.718774772675
1208641,73.4880086775968
607294,797.7347714555871
245549,2414.529924732208
611022,699.2762964283269
1031719,56.917206239757
389627,2911.508799138116
518183,1061.5034302916863
915472,40.21963945711153
912296,599.3239551683606
445311,3364.6543388745263
943356,64.20591557013255
1095652,433.9433930170322
783140,112.8980316640875
4552,15380.326421938275
490777,479.07673711582567
36,16380.317170597926
1055072,329.84051521460555
565694,1862.9824825596797
517072,524.9043317858614
917051,116.19109742920477
899105,58.92375346116304
185678,1100.680254645109
743822,380.27268569853334
259992,668.5575551963566
810849,183.77302441496417
209130,52586.00554308318
31369,3790.525401413292
807028,118.3212312188627
16455,1682.3453804669998
611916,251.71565663372553
3328,1953.4692176022522
89542,606.9676365708634
77361,15073.101475747942
626412,231.32218717238632
1150209,14.347411675579327
702605,247.2080419011543
760906,1243.2190998571684
1188517,46.97674123270519
32592,3417.8257195818082
619327,267.58811559298516
2047,1004.3303678608971
876182,158.37632744241057
56609,1097.8749434586655
992572,131.84966048877592
1051682,43.80525829546267
495053,199.36556751141018
229465,894.4235772819503
1152971,2781.143026585996
759283,208.24263783283706
650555,353.07904304829174
637840,147.45098133435178
916477,67.48958618162881
145468,3935.9429271019812
950906,182.31618127485254
1022338,261.641784204766
1003979,40.48043536324791
162197,513.7216848632577
492459,864.4057494399394
1084467,363.4619233797243
1010345,99.6970160755095
1008017,1722.8289486108679
1004647,45.64223865505414
645098,834.5290323546549
859807,432.001986403629
1215199,88.08079039343006
656421,221.85614785116874
866169,1378.5334269997177
1060902,65.76485750483185
783038,133.7941370248214
831588,111.0285089011478
561328,748.1248592134986
608658,157.07999508187896
670731,192.4088271417308
1097350,423.97880132228937
1206423,8.817481717220698
752082,555.4441948488604
582125,156.68856371430863
782324,584.2668570944575
260293,372.2915498729214
864664,348.33245827114075
1079965,41.68328899066624
816649,33740.23922330053
946607,162.79209250471752
1045412,275.14128523421033
169982,1406.3034181217479
26414,764.0398146728274
671370,277.6167940969163
715658,4043.9198277825058
1069,327035.5748334101
583134,638.9448840446319
569,10141.532133112642
437896,1781.5148405183045
948986,47.99494746168864
1064351,65.15939918423078
1126269,144.84992304272552
85303,2274.247948557814
649694,1103.6517469993241
379454,8558.2237824171
857057,328.343587221194
1219669,29.591784288587252
673680,613.1160375127329
716648,191.32244884992437
1137878,92.48505763248194
994549,499.89153523355645
48590,598.9521802277784
1165076,36.56969847693156
297188,5411.7635061768215
95229,839.7045215154152
836487,706.6161732346903
591060,203.51667852147864
626638,965.8704373716153
1048267,2691.249494248474
701460,172.20880149727725
1571,8889.511097671117
943881,64.72904830643216
1216620,51.823683600060136
602620,5795.410003411297
373954,4518.295189255673
773606,2895.385624270828
1173541,28.143231765456775
476237,4670.464138275864
50349,1139.274528289684
8819,1072.739294505005
720831,156.1442787109947
441260,2361.6372191598434
1123876,120.78979095569471
883358,810.0942039753551
783172,211.28202571333946
528376,785.8291283329426
5263,778.6133681872869
998545,44.763532012758496
783113,124.00437431702287
170473,394.23073832050324
904037,984.4890980036306
1156330,45.06024264656907
534374,374.23641635692724
31564,1820.7152760300983
563884,193.1713239712084
963637,5038.735430925699
762191,6601.099051171135
7363,5017.994124259644
696350,519.8321744483458
54448,5362.021179459922
31255,534.740808887028
58328,20.761827265952977
868764,2157.427577426658
560908,379.16581009162405
563616,1509.693324921403
168958,904.5958840111687
803204,136.15484531710115
487167,929.0364396498106
560378,2618.335241721678
1099448,33.69062544530631
70960,34454.101224374994
1106205,45.578896997610244
501020,5582.799432015784
541634,422.4153667854204
366712,805.3679776430257
1131564,147.15443675042246
555200,780.6197599215316
832753,89.03089830439184
808111,1013.8301817838217
669058,950.4527438932789
487182,767.6004134690484
774355,530.4125619210038
938145,210.80432149517168
783271,111.78941288686795
1029220,86.14268788001218
875357,506.41857080794983
501250,261.8246264452867
352473,337.02041695053316
116555,4307.76162988115
157611,8067.585845120073
47384,9424.848853202597
1184217,109.58152288022417
610503,478.12043456241526
746653,112.65585694966802
113977,1969.904922461362
52145,1659.9411720837168
930252,160.63764574608382
855002,115.88873746669995
354975,465.87811627351414
1492,10401.037440295571
230111,1212.595279785981
1153005,71.25176837027347
366636,651.1738553067037
598179,217.26601567166495
381463,261.4266274515518
1198411,73.42800318994722
1129,18473.85460129982
918883,585.9645174389335
362180,4550.79137654609
886371,106.45333500323214
662488,251.4906477546964
1163073,54.980068139540286
1063531,130.6106244007625
1032838,1074.4839367026782
791471,157.3776712973301
93858,8586.417894387314
55259,3127.2050251075716
128214,560.0393089269386
806781,211.76612104447844
1014390,641.1310335497835
778702,576.3100481046729
3601,1624.8337449277021
1139690,28.22044749988573
859830,210.69838132423146
25154,1033.292334068872
196894,754.2409145836187
1148248,657.3200146903749
448531,307.27832316205047
1137858,1249.2238635425858
668370,1138.59922006588
312061,512.5087243384884
222973,874.081439408794
2444,5123.20660388223
686591,146.8670434093683
845430,5169.992283033718
493853,500.45174026782047
846041,871.7887017054843
1219270,37.515333155080214
25180,10229.553997575385
7181,133838.2545563447
54460,11725.185279161125
910830,3185.3465970803704
820552,114.65661865373187
608694,175.37810812561622
66675,445.8399751159788
280874,348.2614149042134
1103848,28.53228549244871
49854,1436.5022277694513
938511,292.5267487789991
561016,1052.9155930240513
440220,384.10414659613303
1027749,49.08812488344986
1111132,32.943819587683564
986,1867.7723470049561
1074292,130.13386846348098
721,35450.81954511387
856740,148.82433369424677
370478,723.2649379273504
772751,283.3421003904596
1134563,141.41482802336532
1979,3353.3525284659772
961810,161.1631209658804
115134,94.27124635046326
1121109,56.21106645641942
1070079,162.4575196955823
1634,4459.318946490024
312077,402.8456693855981
850529,433.1161652405606
31407,1430.5938270477068
893347,190.53995245497964
1200155,65.04041108238167
41884,656.7229661563107
1081853,42.4860464987627
800853,173.4368213546257
687089,177.3577166604639
783633,113.23082149174358
2501,7869.556909221254
1034721,103.03084349441396
311896,252.3721264745058
50818,1505.012660773867
576228,224.75456939702457
30292,665283.0017233274
732902,682.789001843908
68926,1711.385510670621
3794,5221.04025499868
184346,311.3042448025832
312006,464.430899452916
734048,200.04617843129117
43755,639.7296854332767
1120219,259.5592459218886
155940,693.8632209538828
1059449,598.3598601077842
29118,592.6727300762147
855009,129.60893998901415
715504,887.5743118349786
819715,320.9762000810461
424027,273.41668537540903
83491,1125.581351566164
600204,487.38247149859944
87151,439.7575796279698
872057,599.0409554465951
833064,88.74180854774312
34282,1893.943221199391
1200085,19.99666919804053
743839,278.93520551727676
923364,418.86161876726277
162245,520.6749412052002
552629,578.3831882004434
133,9639.139582223572
609950,717.4356633227063
687105,129.09885376249568
31361,2327.797062162102
427427,2041.1130386423222
1119865,19.641904024243743
728249,322.9776202664986
500992,39297.62498915118
992147,366.1041566209941
441440,192.67508259102
1117005,991.1693210786763
583842,1630.6132940121977
19840,670.4731150903833
208480,445.5177293184758
726033,164.64460904822306
586422,1992.8808467700605
26721,564.5215494373272
4600,30961.673571669682
214346,1366.1741819343242
501611,6223.048647656596
99008,3103.5780792050273
43903,737.2632976507159
56607,1059.7193800192458
162225,561.5112948588995
38921,6771.1255366578625
419717,250.80781461814325
21086,1858.8022979493558
575866,2086.2744844061995
755609,274.96666265833863
34290,1397.932248306351
116021,449.16059672517054
933387,80.4375574747964
752890,4524.161373356709
1101164,53.30248329913557
1161732,128.90923419684893
731,94695.68152143873
64389,498.691871861799
32801,13822.356223569246
940553,46.574353046218505
93246,848.3241443444628
1209061,128.8375087621528
638774,233.82998293862994
713814,227.2282530940467
765471,909.7801061894806
104856,267.02791713547913
312014,432.4842893320732
878,4103.493615605717
845992,322.3788264038251
224975,434.9770173720884
1018618,200.65172837415855
783195,130.13675072403086
38236,497.99762382478605
1004518,64.63377438607145
633153,143.14624761423207
419700,470.8190722859654
415152,543.5493038863095
884368,756.6747890640406
1171087,68.431542655710345
819517,343.3152047377461
33233,2231.8525783189853
191977,1642.9772127415074
966124,171.27318692696196
815625,688.2880594235824
730436,401.56323734149845
16993,1222.297394986387
78404,977.3639196133103
1083686,42.21457973113486
505561,2179.1278820340613
659563,387.613718143458
1162937,123.57214467427987
56612,3536.0719143260376
1108010,29.019378080906034
580041,226.66949211180963
562854,1019.8894813657765
1141842,34.6883607472593
783744,244.68601152401538
176269,934.6378173895541
62170,701.6778736532252
512212,1240.0981049364837
778301,135.45139966520406
1156434,16.830264393204807
787439,112.64996696930515
482840,247.60726108425905
9125,635.2879667462446
990413,92.2402655050831
573843,487.1752419059696
783233,133.52758276527396
588120,508.3602603748373
213101,1197.1684828122047
417757,1246.6488060198774
1546,1463.7763031865175
1131687,34.412364087383224
416847,3411.085022930092
955641,318.17527114266437
1150649,95.76976404592136
551206,453.6911887396914
1095787,25.138844868203694
563889,267.34487235150465
917800,1832.0360334948546
838233,105.7535723890489
605,8309.118170450385
1043676,341.31519232834154
8689,15488.797099201056
455612,765.7046728941807
853326,202.15005131886093
1040588,407.8603731072853
71104,4688.714381383076
2223,1168.5837668739766
598912,1802.4250807763328
1195,3339.4789982315115
909518,59.722420999180564
783221,129.3161138477534
496744,331.3488430589834
614218,1467.217608748849
1106135,27.99913551726049
783541,143.7568637354476
1052040,254.1294666419364
800797,3155.91115690772
293515,873.3741056770017
674059,329.3471583136638
844957,192.13412206625082
947997,374.0648778068343
421068,1492.9290486154366
1180141,61.55948627336718
333337,1275.9892426841955
936497,135.3702839808884
1007108,63.245097381131984
614022,257.0596281805611
1086535,199.42510128090862
822806,3409.800131425766
1003583,296.12677828307324
741647,225.81463483199778
955561,1010.974156491221
1069663,199.56660180742458
943504,73.79296032513236
926287,1461.880580889453
801809,406.9474139102732
940370,146.68201362265208
49781,207346.4415584108
860815,170.71034430112368
1445,1141.8571222867827
155438,679.2740952897593
381255,374.36329786814457
878532,53.53662989665562
336028,850.9797557871868
855494,1142.5952936125163
1119930,54.184562746648794
937601,544.9103077918819
1170899,98.2638771168373
940281,259.61793742123893
422276,356.12460553670195
246,32387.392963863465
278296,1019.2006032185138
45061,520.6873227276807
25893,4551.630308255552
1031949,78.79881511217538
787465,146.093731815162
863049,63.41851087752119
536150,233.59309449072154
910956,99.6806245696298
26083,893.5224478370485
710543,551.5594223273458
565619,599.0690092223134
868130,450.1757907052103
1094606,21.221762696372238
911326,116.29697374243409
1167095,17.10044064693475
726478,178.7192881407809
194111,433.13501960825215
969100,206.30240183525632
205804,8730.75052811005
570847,1497.9177543445105
634982,186.7159646557693
31454,2323.8668704182273
798478,113.7396974191658
595657,52169.311824472854
600604,251.99977229861636
1182521,53.08093577966149
1096035,303.9769234949692
620439,643.69616459374015
841045,3313.554165552342
1098445,48.286547466014376
871044,916.2284259462756
864392,804.4153133129937
39323,1040.7831058289746
743070,486.571566245111
852810,2349.0871693165495
876234,544.6270429103579
378227,343.37438626079813
710168,231.95270973797417
430200,712.0772042806051
8546,6667.232408305499
20555,1022.8878710112601
765240,277.7303443074084
376911,1362.6790429788346
775936,903.8730360608356
28404,46798.23017080549
398450,371.02136196058785
949779,6613.942581897679
1071707,40.5730784006843
777138,2163.0448589839903
797061,432.66159694757835
1143,44445.33202238783
903306,590.3153403336856
578034,239.25776011055953
1093869,38.14916246621024
1601,6031.74758172016
947817,292.70055579110436
1279,1235.7805282285535
1043789,57.70589884649669
45705,3418.7453091793063
846632,157.01660533673854
639195,163.64992854098506
1220726,112.94010455500394
839119,1722.8591950245002
501030,148.41025371246403
803794,347.4653025429634
751073,195.1906907779313
575756,604.6704385375249
1072088,115.79952245067031
29872,3581.6045650533247
46504,788.2395324526768
811830,928.7233151352725
444126,5016.202494979454
1129131,18.76782403625785
1048528,61.54857412309913
584681,199.45683302514462
902393,55.19967994325926
410,6650.522015847469
334728,1881.8714610020693
1095510,48.33304493602806
1205577,9.44517317951656
931143,111.41189581268404
58889,69.60143061938062
901496,77.11001249746981
644483,545.0301991189366
915677,271.7645083499018
973343,45.790357434150806
762038,137.08031159387994
1041226,145.15961761351394
530677,695.8669949070538
284040,22754.623023166714
532142,491.855740285041
783044,255.94569530363412
139630,67665.93738289825
5258,26512.930558046897
1148186,179.31213450005873
562498,993.3359712054282
2365,1677.0506188096233
432722,369.90625471415814
66927,648.272440073406
595430,458.4281479043832
852544,152.50943514891978
740,132954.18227873047
1173289,19.637887315380677
739988,135.093644237217
909913,249.35665098528924
719637,176.1974219981816
905125,1288.2245276024614
1152755,610.2866407122298
857432,126.56789398950728
430425,247.5259196980309
338257,4201.1175376451165
599808,196.21447314115642
627215,209.9198116595822
926576,143.28300634471742
261053,3868.1172867450373
1035620,354.87327443422635
697251,145.07288550958842
725246,141.22696377339963
162048,6318.978688005139
607763,1824.8070488680444
381299,45471.16613547522
523600,195.72378043402662
712624,130.38553058779453
497370,1278.7444564843654
937211,1975.2568005752414
513338,1301.5053812842364
1120859,100532.21013710569
1169305,27.586035094317456
1097361,100.80286665311803
1139551,75.16478286550044
378374,2089.489341007686
35464,625.6747345481308
1182520,36.65504966708128
155,31180.73962481955
903526,508.76752716491063
1013839,97.5886955689736
581971,940.0285312142913
621557,315.2630740789441
35329,1041.0776597171623
751612,170.0196880001535
303857,286.32073580749324
38795,2144.157286280059
107666,5185.882402891634
905688,329.84240786174627
81908,463.3854737182749
417450,14600.564153573
34307,851.1884662052821
462,9430.006464356806
818643,98.76228834433546
928536,44.279906429926314
72962,1213.4620093108686
458185,2010.5881032740128
886435,333.927088122907
73257,970.3677305683693
783655,117.07039497618393
783650,135.40621182869438
953948,545.292833669435
778963,409.6289711540093
463002,2113.688004733174
5395,12161.503397483624
376,4160.4056829501405
955526,44.2679503520989
1170660,21.040769583929173
144315,284.0816599671571
285,1172.4747333458208
160243,2385.2966606481746
8547,703.2293782634022
994120,53.86809270941472
878285,275.34429587773366
83863,933.5328930887728
429152,419.1249976462269
762453,262.3626788200361
627950,412.535078127591
778506,110.7344541370393
946768,256.4907940076267
961776,187.23588764756482
539516,876.2766955871745
74966,8494.202026022245
544257,330.1438383582917
494729,520.8537788169346
54600,1149.9345672721067
242105,1019.1248477851394
648202,1592.7964625943496
1120583,93.13564092851598
706,1807.4336304479014
833673,185.2260464639121
642160,322.16993927134973
1160062,25.853278859865664
366003,272.95339400199464
713879,3484.8122755724694
413205,4549.215726517026
495345,370.5415864224826
913727,407.5476973496278
60591,1636.9727891924242
405233,2462.5366444455885
618674,670.1504775900568
11181,2293.8142623886743
796259,158.5046980357062
891144,761.229055949851
1009520,51.61997419998304
12032,662.7272539355264
37,57327.126820959325
848167,181.34722914797624
942508,315.43268318617675
1131358,141.2588853718178
9893,1015.733901915731
683261,251.86609663090198
398016,730.9637580004144
895300,863.7432084787758
583822,244.940655128858
1065479,25.91797248829602
31379,2475.2069969323957
262810,1678.7219635922097
778310,1101.0514562239223
80134,19441.288167896266
212391,30090.01716486038
840,27265.790879390697
784451,104.67772533610189
1215968,50.742923273295354
35765,685.6767501720506
928418,61.1688877561165
44278,757.2752697433283
473432,1782.3022794598364
117687,7796.96479640375
287088,3700.021909032717
902031,107.68223465276552
778086,17430.855252684643
98457,3307.717041675398
293945,53514.42425963294
467886,2718.293180373796
59246,1964.4161966776699
93057,2063.4485133742073
411110,570.4727051551391
7061,5934.054691158679
999864,618.744746294228
29532,10956.666506397773
864768,72.45669519165477
852185,103.97650311428757
247749,922.4614682761675
968328,154.8358700658817
607671,948.9090313483085
776,3681.599097538983
392,14737.691093280659
922467,636.5886773610379
4136,870.4657765917896
650056,405.3514501918014
1171637,34.766745167740766
64014,522.488089605982
1169316,260.74837538384804
453928,183.95855922778205
682855,897.401803148404
948599,88.67041166366322
425985,435.03363002446883
1042383,47.15643440978957
3116,1237.821772943969
463035,1929.8874409923396
13954,5038.531729969536
31310,2507.4399078480355
1035641,683.2457558538687
1095816,112.19101422033845
925,18998.113876978816
595058,3198.421706652417
561634,460.61669208626387
257458,547.3612741074288
215810,11913.092883584395
99495,1490.3246538928381
134715,309835.6014947062
627465,598.9908720565381
990557,29.690774123915293
412461,1228.7241362017062
1047459,480.38105546259294
1110886,35.20325177518561
114335,889.3689725695866
34118,3510.429817127802
272268,1195.9299019800449
819622,140.76243007278669
500146,259846.32244158807
917076,394.29597623969187
71056,369.9169880596529
1092193,24.219666290164106
894388,78.35107671291136
1040723,111.13932224262665
1114689,203.72398806675352
5000,2465.8691873054213
196997,350.9874961088746
1113000,2977.321542018928
11121,6009.354593469526
666243,255.9775397102897
989692,38.552486050550755
76704,892.5500167586501
1220587,49.8701538245252
766940,179.79167672556193
1104176,54.729723021341435
4704,1976.181091802965
1128839,72.42565247938337
916192,221.71151359302473
382091,467.7964970914709
59185,69.21316075476811
830489,250.5093611084179
64933,8652.295514965577
552081,343.99723800374505
779156,245.48278855809232
13720,524297.7951009665
113673,14500.306898408444
1055622,72.18515967121121
547506,7074.906041991992
271102,5650.733800644703
1214982,65.1630797269723
262848,1464.2711074210895
551233,952.6967169491461
886431,92.85778641374957
975785,39.84371990272796
857078,530.192695819214
783688,133.01305191116063
67845,538.8011469140334
857924,160.3430391024008
1072085,51.39642917107406
1127229,25.610717254477542
214758,691.5704863893462
503888,4606.53694622657
60374,5165.935522612518
482881,464.8992706071707
226114,307.07459307383783
3415,182586.5758315827
975529,162.9707201359915
68936,1381.9555522077594
853457,118.05838913039581
1151231,43.02823773146791
1207964,84.99412001666637
2110,17423.861170899825
739658,375.466210646543
985270,104.17956102875888
994515,84.18901671996298
1016280,28.74028268887976
1114997,19.59845635271592
1055171,83.40903013432643
927401,447.4480764114972
549032,217.11820571046596
895733,57.40057116470129
38631,708.5301858016171
174616,21134.854592470267
970347,137.0081953641947
1210698,67.66989671660042
979776,76.1114994469583
829968,175.83211970749878
1120402,17.71079396934763
58813,140.01114132485162
814960,1050.4879048449927
515229,222.92841383126654
10121,1565.5512671649424
865390,247.69669882233777
914680,51.43801430595548
708727,250.66278011065728
35660,4694.806064830348
58279,16.25302281835811
423989,2461.870078170279
893243,96.65397168125985
950428,128.78761810460767
312040,403.6706096364424
699454,339.40928207348213
27230,2762.778265333118
709,12358.519189352148
783329,129.82496559363827
262092,589.8487811411626
411224,436.22989490844145
114089,540.1693408621604
261000,1329.093738458846
795300,146.38135944602763
943942,197.07257438076618
751035,231.3077112954039
756584,415.6535762351213
18262,2553.974210560845
608349,11862.007288852967
17052,791.0030962866377
783483,128.79414000672523
36569,1808.84747059044
416661,2822.701780454189
2264,9505.055610662219
16343,638.5341447767921
752974,555.196492097853
1126638,243.38739935619918
2817,2306.7429115244263
973925,36.911590484841994
543056,1271.2996742298556
26658,108766.90622787506
598324,163.63301509070982
435173,463.99641633080967
1121708,74.11486142076875
17818,10150.59655436811
857818,115.41436194842736
657843,986.8752921778382
734262,332.8456615450724
1172820,24.151675960967143
109277,3266.3812010074867
1185951,8.25430709054018
348862,837.9871813347596
526437,597.3218589276731
1183180,33.16866312380429
860851,164.8849728927118
1133103,68.54739928813024
814076,686.2015640144978
1059676,38.16197378226346
774369,313.30479565932484
518168,253.2527580911736
340483,24844.565584373733
36093,904.6700308913306
1221735,51.45504502254277
837077,173.0833169555118
1156510,164.2265210990807
833950,96.06060756890163
1194730,44.36956535409038
1176556,36.014872257562715
10032,2907.789715758015
820750,2393.9866699747145
733196,155.31056006632247
1207159,14.373571933866785
7986,4101.98763118369
59148,351.51450439266614
1015129,97.47384302992758
30661,29358.7226659432
1199503,8.621344967532467
806941,142.99951869658136
398413,967.4267269244654
850263,182.35123743193068
564009,1746.1681482881504
1147827,62.16404510905767
831548,969.9328105321157
900149,95.08944466872997
909747,145.21008915855387
51711,4648.853256459389
33929,3477.816294182857
827737,1568.5953174687234
817756,121.41957600659151
786715,635.4894463369145
109784,6777.024003107928
412681,274.99316637488295
1016568,141.12213594632493
545507,172.03948167208605
827392,640.1997533286155
312069,393.09345423073694
6268,3615.170303131835
1227,16879.792537988327
567842,3724.6617725501633
1600,7412.685497411491
41682,1745.0947692474997
628995,1079.5373794076029
873480,87.73244750723133
674739,203.56117728717365
643940,296.7408329609116
860887,206.88790662417637
849217,139.76159701115876
615514,1343.5108986786088
162231,493.20346199470487
778328,135.8918093101342
715182,682.4280696581202
886378,106.49244547764324
929212,127.87620658442862
910591,293.62161165133915
718278,156.58046205836655
835657,541.5466961334411
1090054,350.6706143874915
1100741,31.64448308929633
1183829,12.440447195125131
62590,1180.854244794503
738953,264.28225933249746
909816,218.26000247342517
205353,613.2151090221059
1161477,728.064487990604
818509,116.91354650015023
1095482,40.30217164298117
844385,205.91486583269688
21870,61031.91263768405
81038,426.19607824389675
945141,150.16716943685407
811919,98.85049102262127
524880,651.6613357669288
190856,2732.909516271963
295227,661.9307816263802
1146854,93.2891071435917
859832,170.90267013901124
36241,2621.9624789186323
564942,5789.7226755892025
928017,120.25660077749055
991900,152.9592417477948
603636,567.1200380386766
1071209,216.69315670620233
479116,312.3949516046861
34283,1659.6277677556932
68924,5469.043152584511
202283,1510.3941550132056
619086,173.42125582162936
986407,62.51121157274103
816041,320.61742768914104
732786,773.7995638416323
685211,185.95778137287553
63035,436.439526214064
844002,194.89088075919173
172596,156.7602872066659
640241,191.2406249787796
544698,665.8882690310506
18687,857.331309612528
950932,41.717697110161055
369392,3822.3677125168138
1196764,42.04810277769613
789090,1070.5056196764033
34127,2426.546578628644
2276,3839.5694370293927
254763,853.8287766601869
1074052,64.35985737416179
71287,358.5898590808703
922850,232.68271466180863
739983,198.81290645955352
19487,681.2349783468171
1147896,65.15874376946584
726103,150.83114306281973
881913,857.9590503685854
1031374,1183.7074184653584
914403,866.6268174334648
851264,712.7229741798233
415166,159.63644181308885
736888,463.55778033029077
1062118,68.23881694065729
1119908,1949.4563928140492
870429,86.49019176403672
1003852,22048.996879123268
518005,186.19703758055644
818289,121.16105398449571
24133,1512.8176804967918
847579,108.02267165579525
144207,11869.091316738168
1095216,28.129015127682766
550110,254.4826668254131
941101,185.6944235361043
783592,123.9730946536307
67870,858.3661721948807
166501,2528.4923301154745
62439,1612.0049773076623
1007770,114.02105224660961
817361,231.83695141688378
6821,7743.426119428934
874363,2960.6458004703586
232919,417.7680821386129
65323,3412.8582991852904
1217257,24.008462468413953
1021951,1419.1114503667077
904852,147.27352910137262
782971,106.11481921379269
143878,1457.517379689023
1168136,18.42018762585455
1099869,28.988206700733922
908734,131.9767807467042
513848,575.1617112804676
1156812,60.17856781935384
215869,2854.6472589431014
1021540,124.99327863305008
686150,294.87038251601336
272030,562.7511881815897
171712,365.5628646560133
125499,3189.48667830013
1139599,15.465014944614206
162180,569.2532533150674
863648,52375.770367440244
1035523,51.65645502993744
71191,762.067138958998
7450,1711.0743890659162
1211,35695.99520874489
868155,274.31889354395594
1182076,41.490763027005656
667089,718.5264995670179
