id,profit
5195,7.1526734833333485
6540,-9.185341646049775
3606,-11.956641853095228
8514,3.3289733814285687
6893,7.476821400064927
1936,-21.819795475403993
1593,-23.758454189761956
8245,13.985710813333332
4178,-129.4781492257142
3369,12.693285814999989
5672,20.185791705952376
2238,6.244104117222202
4681,3.7082614299999888
1340,-241.08999722023856
8973,10.550036211515133
8153,42.419445059523866
6162,5.917195523333336
7671,2039.289345228336
1506,70.00319371511898
2606,-28.337158060000117
8515,28.52372631642853
2373,19.206015412142833
8749,2.1549985240476186
8065,-13.764502158333338
634,-30.32984341750004
6431,212.71084006857126
9867,6.2362667117532515
4724,10.735039501333354
6604,5.072902786428571
2870,-1.198172365865794
6519,7.545801758809525
9438,7.345871840952351
1333,21.907678949999976
138,51.77258846999989
3265,29.469417670000105
8121,5.41434558892855
8082,40.281625490000096
690,-1519.6056319033294
4321,6.402545423333322
2980,1.3751463196428602
6667,462.0393790000009
870,7.251165317619022
150,32.170261551666634
2372,28.846934771666643
216,3.57042322119048
3558,-10.513734817619039
4473,2.6072516166666717
8085,47.11943530333338
8769,3.2373374230952363
9182,211.0173045773799
4582,32.2190784666666
3867,236.15523021000055
7818,25.013779833333306
6693,78.56234149000008
7197,-2.979611500769234
285,-62.35262153000006
1196,20.898992371666647
355,-12.82572621999999
3765,473.7266046583336
8511,-29.933957917380948
2056,14.997185816666684
6241,2.1750952867532454
654,2.4565214756190454
5485,6.077802619285721
133,11.628741488333361
927,469.34189165500044
670,-5.68602512
6310,-274.27418327166623
5047,201.70584160000027
59,28.52040361500002
1030,12.887001726111139
933,-1.6093548597619052
6244,0.6934975283333324
2493,2.3912901166666614
3981,11.123780156666648
5518,2.980152506580102
1900,55.969827586904636
8182,30.425837604285757
3562,33.61913294500008
966,4.480130179999995
9328,-124.84130521190474
9562,6.303543673333339
7212,5.6651008991342025
1453,-1.3555464183333314
455,14.356700658095242
8391,27.054967911923054
2361,3.1153553469047792
8089,2.899517311666664
9459,-65.83268900833336
9168,14.635447934047617
5615,-1188.485955391668
6116,109.60605428999949
8483,98.3140256049999
1063,19.1601082216667
1541,1.14622418
1930,3.6717009297619008
5946,19.211866091666646
1919,-86.86645420999999
9960,37.26968197269844
12,28.269268793333318
8200,52.215169719999906
1972,8.462707489999989
6069,4.088324574523815
9514,7.930072775238088
3605,-24.11243291250005
2065,37.49912960166667
4602,2.572101616666673
5640,0.4074848066666672
6387,6.441710338333335
643,-150.39277305404744
577,2.2145707928571388
5986,5.408749159621196
9429,0.8938745533333322
4816,1.1693968733333333
8014,53.09909188000004
6691,20.716133188333313
4260,67.49950001666637
4932,7.982009615000019
9952,73.16494958666671
5423,2.6264455050000004
153,17.458573124999997
2898,57.45090684166671
710,7.727981693333345
6995,-27.867985295952387
8389,6.624897575857134
4975,12.566436461666648
4208,2.671851640952373
4967,37.13146465500011
7831,5.7331743476190455
8338,-4.084495815
5556,-5.791590195604395
567,-42.58157081666663
7201,4.469543003333343
8994,18.71677872999998
8979,22.458020810000008
7978,8.161938983809536
5463,-2.655899899999998
6064,43.600277863809524
9359,-2.30538569576923
2347,11.40330930166666
1629,208.9287327999997
6625,18.062983971666682
9475,23.992616958333382
8229,10.760509426666658
5684,1.7810900950000048
1982,2.1879057900000016
7683,103.31087385380954
2295,-129.03418197523848
1497,43.47325457380949
9907,-2.098841967435894
7397,-41.71161279833346
8955,-32.73670792166669
6308,-2.813481304102569
3489,47.535668621666694
2726,7.169841284999986
903,228.58352467333347
802,1272.0328203849988
1789,2.3823894373809527
6416,5.56140643261904
8660,5.41434558892855
6373,1.6005668550000052
4771,-3.5292549666666666
7994,27.537288343095256
7851,10.999981874761858
782,-227.52159576333298
4498,4.321201679999989
1261,9.93780955476188
8222,46.900122868333334
3546,3.587971102619021
1114,10.062764478571419
862,-3.5968914683333404
9309,6.490496002857162
2395,32.67582144166679
876,31.287647353333373
6238,12.27599726333333
1330,-13.833181563333332
7655,-7.739733032747247
9517,6.118499423333329
6246,-22.583994883333407
5603,4.19329080466666
5700,22.04660357666663
6795,-155.99948075166662
7749,4.729722538333342
8638,0.6025854290476171
322,-60.57277104357134
198,7.160169521666662
1125,7.092268700793694
4052,-66.81435822425922
8944,-18.005775983809503
1147,-162.27028642738102
2532,22.621165191666666
4109,103.73996429119082
9163,12.945019223333329
6227,7.5098289416666715
1524,239.45602576333408
9787,13.960161209999992
4168,-14.485525771190469
6766,77.18858535666661
3350,26.767292404999985
4192,-8.37371461333332
7808,-1.3649428683333296
2289,-357.4914789983334
8962,1.2098593416666663
2854,17.789291836666685
9410,22.638883656666685
469,-47.10639352809522
8772,2.0035005234199095
7988,2.9165486933333318
2650,12.336956810238087
6087,1.6566709257936543
4819,15.578613043333256
1772,7.159979126666681
3278,278.75760067999954
1968,-1.983897198333329
8207,0.7836854734523788
8456,-5.178758550641029
7439,40.63832374666668
2202,-1049.2149744316685
6951,0.7697109999999993
4634,-2.814928013333335
4085,-10.770484289102555
2351,6.194598649697006
3615,6.764192958571416
2456,2.179311785389607
2933,-395.95424838499895
7330,52.538370545000035
2275,4.39125990476191
3861,3.576193746666668
951,7.0723777366666685
5032,-55.5565966709259
2682,67.14658695176473
2727,27.565916311666705
4199,6.245853970043338
7139,-131.3169973100001
3530,359.5698541008337
7137,5.57869452166667
2259,18.948298568333325
336,-70.38368374023815
5222,-6.262298848333335
3995,240.6361811449995
8492,1.2529418935714274
623,-16.995300350000043
3180,-32.26780261523804
7019,12.319956598333317
7497,-5.394194198223445
6936,6.565904714215677
6884,6.375134191666679
2959,27.309654486666666
3247,1.4594006657936485
1535,5.485109005238104
3899,-68.66342393333342
4850,4.765184134444451
4367,42.94744740833331
725,-1084.8454435283356
7325,23.911890760000006
6737,-148.94851780166647
3523,2.547103984047616
3708,17.31686607166667
9756,-775.219479766668
4165,10.062764478571419
4561,39.17841921023804
9538,3.7632357616666647
6126,-11.317457068333324
7643,8.645251363333331
6913,1.1013242576190458
6978,1.1661189499999993
9715,3.5936924495238087
2783,-6.791007417110411
3971,-412.67799522333246
8372,9.407754655000018
7666,2.6999006316666665
5829,95.4856024816666
8771,52.1511680483334
4271,4.244837319999987
5285,-14.016185301666654
4566,-65.88906568000017
8431,16.366767824999965
8921,2.0750448533333397
6195,0.6602868649999996
8134,1.9260034266666681
4827,47.392223285555474
5371,4.796491570974021
6352,5.807392453290029
8574,4.330466221666663
9373,29.938649113333405
4983,379.6765008095243
6511,14.135056567999992
9741,-59.518357895000115
9833,7.38012873178573
8295,-8.203388500555562
5877,229.14089047833335
3281,-71.62781418666677
2533,0.3444254016666667
3124,12.143072129999998
8158,14.199488181666668
8789,24.399168002777788
6637,3.0632074233333326
8320,30.96938654166662
3675,24.43666610833336
7320,83.55377721500003
940,0.23497391916666666
7302,14.20126185777776
3641,31.393236444999832
9680,5.563704026904764
586,2.7213802573809516
5209,2.5965899266666623
9063,-4.432835797271055
8972,3.614298036666666
146,23.903051358333386
4987,17.42154913499999
295,1.0558912616666656
2424,101.18180313523821
2982,1.3425213188095235
2371,1.1286442999999986
5666,5.44267329730517
9138,10.250660246666676
6924,0.7330452502380954
9357,7.21220605761902
8963,3.8621020976190445
5282,89.65969664523821
8721,55.197365553589705
5750,-3.409418002307693
649,88.21529270500021
3427,15.87693667333335
7494,12.449372723333344
2648,-48.91211963179493
3942,54.304344205
6512,36.0394562733333
6289,34.46688273333336
4545,127.00628707166675
5204,-106.80263397357179
1643,6.358481811904768
9132,11.906884983809507
4106,-3.2602585838888896
4438,-10.90166292
131,-61.145118708333335
4880,5.378644659166666
5798,74.5981586369048
4229,6.265551181666674
4700,54.15241696888885
1172,0.5279582553246744
9336,52.04430621119052
160,13.97846185651512
6720,3.79043958363637
693,402.6171673066651
7857,-366.4550726083335
3271,-2.9115546991025676
8559,8.00744244166668
8012,332.02556782642773
5491,4.365950461666666
9244,6.214971887857138
5908,2.6708417066666654
7449,8.814375866428549
5652,-243.02114489738068
3304,2.653914081428574
8728,3.5617522303968228
8906,9.890133716666641
4572,-6.669486500952367
5787,-51.44032634500011
3080,2.402268475000006
2642,17.19064853
9581,2.705202936428573
8562,31.97532728500001
6873,7.786011451666674
1341,20.967558680000025
5179,18.082483749999977
9209,6.838148476190482
5157,3.5607103054761873
6535,7.2336655683333
2458,13.709359788333332
2481,75.62382957761872
1187,8.956797598333344
6970,-11.886312705396808
180,15.137942434999951
7645,-11.717371413730158
8829,-3.1001702806410294
8249,3.3976452259523815
3818,32.72572106166666
7663,-261.52133027916676
6306,6.569555124999997
9134,1.8074442033333318
6739,145.7215143091666
2036,0.7795514166666662
4800,25.121285213571415
7723,20.494697826666734
163,11.343197436666653
4920,3.311624784761891
9253,-2.9482461274783582
5357,5.504858781666674
646,-119.43332226738082
9737,27.546581117161125
1445,14.789265011666734
281,-3.0102093757692336
2579,24.654514145238107
8203,0.8854642466666641
1612,-203.53051729952392
9755,8.400396836111112
6478,-9.586348087619042
9851,35.11091896333327
6114,12.932131034999992
4622,1.943947179848485
5332,21.69484021166663
6774,72.0536681350002
5484,9.892591461666665
3352,12.811615931515139
1284,8.957813956904742
3176,-8.583279297619043
9483,-7.471864859761896
9759,6.341914236666659
1867,1.9081826049999957
5113,-6.587870729285718
5631,39.50127512333336
9224,73.57104885833333
6785,3.429477358333334
9962,-18.14024843807359
7276,22.787027803333352
9473,63.21378959595252
9799,-15.989267133333339
7096,3.881472206666662
5363,11.562563019999997
9987,-4.909542666428564
9831,6.608930093809533
4881,6.763171528095251
990,20.07948403833334
886,3.7861552933333322
3592,7.756675460476202
8292,100.84762480000019
866,59.50843754595231
6712,7.982009615000019
4820,59.10519073833337
4599,9.323548861666662
8851,-1111.9925496633316
9193,23.316781679999995
369,103.28716708000009
4783,-11.337941473333354
3067,5.435853678809503
9269,1.4023662461904727
7422,-25.93230436250915
7589,5.25311364809524
3634,20.2203562066667
6296,-5.870364223333334
6958,10.50441494666668
3317,-2.4530646389743556
6990,22.486884953333348
3401,-3.2104576857692315
329,11.572891740000006
8208,-43.06591128035702
7798,24.19456916666675
2905,53.97919075727271
8147,40.1735371283334
2305,58.331906743333256
3728,17.59688757833332
9860,24.245531695000036
1139,-12.258884577777788
2404,17.860637581666683
6887,206.95652185452406
1238,-120.64186054071422
7903,120.11686327444441
5470,13.564046163333316
1773,9.146287713333349
9856,7.265779967619019
8818,0.7304304199999997
1895,12.04066125666665
855,91.88669083583349
5778,-17.924046144523825
3379,662.0155856833333
2140,-167.21160393666653
722,-53.68824090512825
9542,0.1496722649999999
937,1.979525455000007
8364,1.6244130477777747
5717,8.058561416666668
4894,3.959022484523823
2602,5.821591317142856
4185,9.350745893412709
9221,63.666627888333615
2154,9.54475962555555
2108,2.9374129733333416
1026,4.731078960476191
8324,11.56487036166664
1666,-61.45406557619048
8735,10.943656886666679
547,4.7467669447619105
9263,5.384861043928554
5427,3.3943071330952233
7030,22.80774965142859
28,1.4016258840476206
850,2.9913971045238066
8582,56.20049573000002
2105,4.748202498333336
3659,11.603704919999972
4900,18.084753995000014
2020,2.349772080476185
9501,75.25957832333343
2496,-3.0986048089743607
2715,505.80869936499994
8992,-59.51243318925928
8613,12.877550933333332
4553,-62.409106528571506
2466,0.6942040083333325
8070,2.360177744047624
8345,-142.87320974499994
4145,24.462518515238173
2166,3.9411722650000036
7873,3.123585919523805
9819,0.4457234726190479
46,0.580722448333333
8435,36.61711688666657
4725,57.838244245
5462,-114.76065796250036
2304,33.23274793499993
1894,-55.05671044833332
2245,56.035438510000084
451,50.211124462222145
38,7.79411563666667
6885,4.596460026666663
6655,-1.8445864051659393
7853,6.3648248350000065
1761,102.75834845047616
3703,5.382172578333332
5145,-153.86278166166656
7149,0.8431592716666658
7310,-5.5615633373076925
2185,76.30437856761866
795,2.649337000476194
2811,77.20260120333346
4218,0.9321801116666638
8618,-22.40394171142858
3268,28.76410091999994
5408,6.988635904999988
9041,-19.71480982904759
1720,-52.02256561500004
5815,9.360723012499946
50,13.915815283
4756,4.777312633333332
5111,11.090895639761879
6186,1.5171991728571395
8480,5.13575130833333
5716,11.287759288333325
9107,41.23621458500002
9958,-24.338721348809546
4941,41.53496537388872
9028,170.99402977666657
3097,-3.1093942464835256
6882,7.164077603333303
6791,3.777934409999992
7865,1.125049488333334
6175,3.0850745674242517
1090,13.673974965000008
1016,3.9342986814285665
3815,309.1315998850001
137,-131.86291149666658
505,603.9502432283329
4080,-215.88153976750016
3375,28.860895821428528
9800,149.34472237571424
19,1.184335569999999
9724,6.955398555800864
1571,-51.937987865714376
4276,11.406801666111079
4046,1.784650938333335
7125,-35.82690880679482
4019,218.92468064357186
2954,-7.519109388095234
4041,2.65804725
9882,7.796868763000006
9285,12.798459758333369
5977,62.709601648333305
2208,10.523668666666678
5675,0.4841026816666664
6938,-8.000620838888894
4237,8.034370721428573
9059,7.408915836190481
3231,-5.63056937904762
6295,-36.21871722584244
2645,9.970348508809527
9775,21.28591410666664
9610,7.88505254333333
9276,-14.48159849468975
6285,-263.9904530242853
6601,20.811348986666736
3125,22.78527235151511
7216,117.91521845833255
3028,126.65595222500008
3316,-10.485380103333323
4164,39.54125195692308
9082,2.937764119999998
2876,13.537382462857131
7002,-16.26871413166668
3164,29.61332874833334
6837,15.672104825714303
6742,31.709290421666577
6564,2673.8280379566636
7696,441.7483331983335
1222,1.9528406847619044
3672,1.1798533533333322
1075,9.635683669999997
3775,4.629951435238106
5528,6.924025391666686
5158,30.230343266666686
4745,18.849834761666706
8360,9.63226883476187
539,-65.52879007666678
5435,0.7264510341341972
8855,-9.655322398626371
2847,396.81755468
4637,10.19959565166666
3517,-19.48025266738095
4966,18.461297814999973
7592,2.3541129128571403
6055,1.0952689133333309
9594,11.633783748095263
9388,1.5866043066666664
811,65.7899254233334
3274,218.75136667666715
8959,3.146133568333336
2741,-26.60509696238093
8719,7.272005385952369
7832,6.567062086666665
1884,0.6965154999999997
5912,12.486004531666662
9439,0.5624359266666662
1981,254.04913900999975
524,2.335434222142864
8587,39.35565847833331
9659,18.79945549999999
4070,8.14635465333332
9288,32.51850809833333
2581,-4.3262992891025664
4726,59.06705582333329
5438,7.672046344999996
239,55.265327045238166
9105,-124.70517757857148
7869,5.188558276190471
8176,-6.5031488533333235
9684,-1390.2056808899988
8610,16.486658762777793
5340,8.087355764166672
9909,3.7578256321428594
6314,25.97519283333334
2492,5.290279978095237
4600,22.31112794666668
1582,2.6541702780952376
7998,8.685143946666653
9825,-357.65621534761857
53,52.20863408833334
6846,6.954310906666664
9345,10.388480333333318
4356,2.808141467999996
4302,4.992443373095243
399,1.902960409999998
1178,18.59396805833336
8980,8.545040914047616
3022,8.72560732166667
2948,2.0063567416666643
9582,-121.0890718392857
2386,-10.829662567747235
6456,103.49996310857159
9468,117.10205423333326
3308,62.377292124999855
3935,8.59762171666666
1235,16.57682980333338
540,3.515238890555557
3824,-1.9178907568326087
7152,7.6575008726190585
9515,-4.401702482435903
1297,6.281058363333322
786,9.830100066666686
7098,3.9638377033333296
6796,-12.833514185476181
2400,24.283470274999985
7763,7.061847981666678
1450,10.566418166666658
3486,118.26360499666687
7286,297.5241156083324
1668,5.386022528571426
7794,65.69734176904791
1013,1.0526933866666655
9126,0.8570940283333346
8924,13.082807123809502
5832,9.118873689999985
3155,1.3609871435714296
6212,5.455034861111098
9458,-12.786432896666675
4033,54.48546582
2611,2.7092984666666733
2416,64.21240990166675
6313,1.483281760555559
7942,6.5631667166666485
972,255.37922170738184
3013,6.247479933095231
1082,4.538396306666672
6616,20.535015786666666
5215,10.666392910952407
2214,206.61788887333364
6650,-4.534926186556773
3224,3.4540456530952417
6392,7.158771542619021
6780,-5.7168627059523835
6155,2.8610340750000005
2688,-44.588848091666684
5807,9.837356874054814
9472,8.445366515000002
7849,3.561433227619047
9260,512.1489698150001
9007,4.162429718333352
2749,1.1468583699999997
9988,-63.00074242166675
5361,0.7227194899999998
4833,51.10940334452382
4013,13.329939011666667
4312,80.22866033833327
7868,37.30718768166663
5764,-3.0235936116666697
8348,3.6868168881818195
7192,6.522540040833354
2131,-0.7742635266666649
7213,5.614848923333312
9826,35.84272722666664
6405,29.367568073333317
20,16.678806254999994
165,5.189668933095246
843,12.733794925000005
8892,15.656383928333264
784,87.55064977999989
9225,9.51894787583332
7391,-0.7541402266666681
5564,118.73087041464296
1446,9.126009814999998
7222,1.9577285350000069
9141,3.5597819649999733
9491,15.817662348333327
4138,24.511170846666623
583,-8.920045134523813
4381,6.061395084761912
3762,-14.94682600664501
4111,8.40314380666665
5086,2.9112046573809502
6571,51.93969495833347
9573,11.515731559999978
7934,0.5890677233333325
1077,4.5469688890476165
9,43.03525389904753
4847,117.72550679499997
8718,-1.9466233066666625
4120,10.123959508499254
8318,6.719837319523806
213,24.49834949833342
3870,4.419623931904764
6812,5.581396003571425
429,1.7753600674444467
5495,2.4167609716666716
8989,-6.1008457509523755
2116,10.055818475721498
2704,313.5585275449999
615,88.4755405309522
2303,7.987471825000006
5830,11.60764018484845
1072,5.749460535476186
2332,3.2202671052380953
2423,16.771662228333337
3205,5.137189541904753
5119,-11.083862617142849
9656,24.960020601666724
639,71.12335887333347
5143,18.10581263499998
5069,10.033309731666648
2190,6.242994850519526
4249,16.7268497416667
2725,1.863764211666667
3199,25.944217926666653
861,7.7634645849999915
1389,24.25091469333334
2900,12.063188701666657
5613,-0.6088368845238087
6225,3.8063581755555536
9519,1.8576797433333323
5648,31.75317798761899
9560,21.40025058833334
8281,14.26498345166667
1636,81.85723605857157
6807,16.583611595238118
6547,0.6264437166666679
6178,-2.277824670769232
5987,225.22171968333373
2117,4.112552528333325
1113,-3.5565243283333348
1437,-6.676781261666656
9750,121.1925577008335
8062,24.139906969999984
8433,19.579057064047593
7604,5.41434558892855
8712,3937.324919315034
5073,-2.8775479749999717
5331,-2.8154344233333366
8393,-4.652492813333336
7977,3.5856168949999754
858,7.110463690476187
1246,-334.41218863166597
2601,2.282741530952382
2031,9.59882188833333
6615,5.528407840238088
3384,-8.596400112435907
178,7.28792120476189
1688,230.22649692333303
6989,6.236742913614762
647,74.90921158000005
4705,2.697826275
6210,0.7535753799999985
225,32.370883211666666
7056,-2.9220454666666607
8709,0.5707460748412686
1206,-1.901210609102561
6278,-5.199546929578756
923,326.56613936666713
7032,8.773576082619046
7974,12.474801723333357
1931,-21.09869561952381
2254,8.611218894999995
6275,0.8743572516666654
7557,15.890470486666755
7389,9.375339756666671
7620,10.186038984999994
8138,334.90877339666656
1542,2.745577215000004
794,55.337356704999905
4782,3.337043131190477
6113,69.62028557611107
298,4.231177803333323
9493,4.268841918333338
4787,9.488008663333336
1037,46.5270893733333
1575,92.19758479333333
8119,32.855066708333304
6457,-1.4885089177117292
2355,-23.16625832595234
6945,3.7620785211904746
7443,8.254441684523824
2564,6.6753611254761935
9682,6.174756506580138
1336,3.5317064328571193
3385,269.08693030166665
8296,-69.76887350476197
9240,2.5932163966666666
3753,-16.483623362619007
3089,-2.4320236799999995
3888,-2.9118189991025676
6472,210.16642085833348
1633,-247.5055963295245
3447,1.839748167222227
824,-17.307354284047626
1886,5.740388469945882
2457,29.067857498113526
7789,226.0319334249997
3806,13.143956995833314
5546,-6.790491021080584
2605,27.937208896666668
5870,41.486295249999905
3952,38.41365864666666
9413,30.523171251666675
4362,-301.0408243799996
4324,-92.06908413452379
4609,3.944310623333335
1528,179.44488861000016
9463,28.23847008499998
3648,-77.7981845666666
9227,4.229996078333328
5494,9.034947505000009
7084,233.50541171000134
1743,-56.61585520000011
3571,-1571.0326505316639
6102,6.138537251666671
9032,11.569904566111106
45,5.924131550000002
5766,-36.01495628142863
2128,-23.165552519761924
2701,109.24060138547627
7502,2.2020149666666704
2908,11.785612578333351
9241,65.85226955238124
4617,5.44267329730517
5576,2.514324663333338
8621,11.703276781666649
4447,2.5605686883333223
8084,-2.4451040708116896
3885,3.467475176904758
961,9.251527214761884
4918,9.486306213809515
100,3.4922418033333305
8476,5.902846775000004
2508,-7.919375708333358
6829,51.32948158166676
6634,13.13892906
7579,818.1480355416662
1084,1.451220238968255
1438,-9.725356735476192
1173,2.052468156666665
3642,3.391297194523805
2126,5.3363665600000045
6782,-162.00490252571421
9426,23.30954941833332
1250,11.457674951666693
2359,4.835978382380951
4456,84.43868695761917
9101,5.52220574452381
9951,200.63108579333303
2633,77.0976726817858
3309,51.33446817833345
4005,-185.32089131666623
9421,54.16445993833325
7829,-4.027414199047617
5166,7.361317524285721
4588,0.6302347899999997
5348,-548.6029299633332
3256,33.85940730642862
4320,1019.311854139999
2675,2.3455446683333343
5277,0.972477245238095
2409,1.694061175000006
8145,56.025034054999885
2479,4.689503008333336
5887,-44.3648148466667
3720,8.429048698095238
1955,19.314596718333334
2971,8.972038659047607
4226,8.847596708809535
6809,10.859782401666669
945,20.78132110333334
5800,9.16306713809524
8074,4.687215145476196
3699,12.599720876111146
1649,3.129469703333334
3279,12.163739802777775
9530,6.741247505238095
7520,3.3269352895238185
9843,-5.030292974105339
2475,1.9833635916666688
3236,2.591935809761905
7109,-56.766059825128266
188,63.94992977166669
6541,11.176150908333312
125,5.3613050012553956
438,12.123989493333315
4691,2.153660864285717
7136,2.951262459428566
1731,-31.002918728333338
1321,25.61118141333328
2344,5.6850133583333236
3456,10.710707663333325
7260,23.61723857166667
655,10.51699036999998
5718,-132.77983758857187
3922,15.598136938333411
1050,5.154087748333305
4162,8.427634584285714
2777,7.17811725999999
1741,171.55850265976213
2597,-162.00490252571421
3892,-59.351643294761956
6781,-282.49619055999943
6438,16.022088929999992
1723,-31.721218673223426
9623,11.045487069444397
1382,5.076534258095244
8956,36.78090071333325
4885,229.6175493183336
6821,22.42672841023809
4317,70.26176107666666
8128,-106.08831498797633
2463,1.068692946666667
7241,12.17798768999999
7629,207.84773021166663
6830,3.610766805476195
5520,19.86445236333333
9942,13.504864106111109
3302,3.535274821515148
5154,14.138150130000007
4286,2.1785233666666675
2389,18.37314792380954
8661,380.527240581666
8606,-149.55549049999988
9521,13.855260136666695
4923,4.166424428333336
2786,-33.62207611600524
5060,-277.8422996399993
321,-399.40798470666675
9321,1.4894641900000016
4662,10.951941231753239
1711,2.674238231666665
8216,15.502160761666676
1185,43.301272903095146
2672,63.300570935000074
6104,57.67331391166661
4319,-8.008850885769249
7227,-5.528025446666659
503,9.352075621428508
5804,35.609629421666675
8022,-85.81658204428564
2015,1.8692719083333322
65,2.644143714523814
7419,6.418922101428563
6471,10.978327013636322
4210,-2.2289802199999946
4861,1.1365540716666647
9018,-2.2713899900000007
3000,14.149769171666685
1032,31.25363236452392
5942,5.048667128333331
5172,58.42615307444452
4063,-15.442552758461565
2555,5.130360275952382
4089,223.32040215904772
8813,20.375381336666667
7070,-3.962008536666669
4191,35.251987158809484
7249,14.230070183333346
8601,8.602063617142859
1396,18.427849919999993
1328,-11.14524769238817
1868,15.655560193333356
5891,7.701185033095228
2970,12.881461188333272
5344,6.737189607445874
33,1.1191401669047596
4267,52.548031283571454
5559,44.385344203333446
6518,10.778997214999988
4247,-704.0733876366692
8304,-40.21099560666672
5084,21.35299590166669
2893,2.3418601900000016
4667,-44.53365398000007
1742,2.6814483890476204
4087,2.056526931904761
8871,28.46002471166665
1802,1.5200103016666664
5278,10.727888284999983
4300,62.78909170166675
3024,4.654445496666668
7396,3.5243596599999747
1813,7.598890436666657
2994,-17.08367344333329
2807,7.53119302000001
4240,-70.51005615166669
3197,-4.764257925000003
2708,-32.099798681481396
2958,15.313855182619063
8032,25.61651755523813
5587,1.9297055133333398
2219,15.658199266666678
3580,11.658017953333326
7159,4.6159982400000015
430,-44.43012070425933
1074,-305.45696818833295
8277,17.462876332777796
955,-66.51867330592594
3037,3.6052530340476223
8951,23.522977513333313
4640,-22.11553039179486
8636,9.054041633333345
2619,5.418522082900416
6094,17.325460391666677
2488,70.77480861000008
4108,1.151402608333335
3873,-5.131416877673995
3092,1.7308533633333345
4062,8.46146655000003
3519,-1.7157786629120855
6793,0.41199466833333365
7711,26.877729321111108
815,-41.734847933333405
1959,-20.99843075012819
7132,113.27528693380965
8489,73.23922998000008
1646,24.131036003333318
3940,4.992290513333322
3630,48.69830129916676
7909,1.8937618666666638
7923,-416.3378206116663
4573,17.71615104303031
74,-230.10239705738093
6937,34.88780870999999
5127,179.36670721500005
8584,6.824103418333342
3238,4.8981620785714375
7174,109.19551798999996
5592,5.39375133166666
7284,8.344967666904754
9966,-487.3211264576195
7759,2.025481941666663
2164,-73.10635937333343
2500,5.356430104848486
2101,-11.079394336825382
2788,-37.929201483333365
4526,-123.57818886999998
2897,11.315412721666636
7779,6.993406887857178
9179,3.910461064999998
4243,36.26884403843137
8745,-17.513740073787854
3113,33.135692311666695
6334,46.388456623333354
2843,30.704119268333375
6959,2.6263984478571434
6249,11.073748160476208
9989,8.674220537976202
1908,2.8936362133333353
2989,256.2482294866668
1677,8.479391136666674
3214,1.8445906049999994
9604,33.262344321666625
5334,22.224265830000007
5286,3.3857274516666624
2335,-34.582245300238
4212,6.413368491190477
2480,28.392737338333347
9526,9.295856084285695
4004,8.357512549999996
2073,45.833061856666745
4129,0.7535753799999985
857,13.845376329999954
2720,160.300529232738
6803,33.7682447952381
9853,286.10730112999977
8498,31.18639517000008
4440,9.39473157690477
8388,9.978966493333331
7764,-16.532451934642854
6468,54.39961792593131
1331,13.75232118166669
147,6.178186005000013
4296,2.8042981683333332
3117,-67.65170463000008
5325,7.569325481666636
1607,7.576478263181816
783,3.2078822666666733
4327,6.771965874999987
779,24.581900943333324
6700,-457.8810794633343
5955,-275.094752516667
128,1.7243950616666701
40,-138.98385985726233
5291,31.42035794906586
3584,3.9121987845454598
4399,24.94347503833345
323,-441.30179926428485
5393,30.82537338666674
2863,-55.87177285759259
3223,12.09904805214286
2632,-246.7542367766663
3900,4.90021793404763
9060,36.40470734500006
2640,70.50655335357138
6059,4.149641473333334
9914,5.172056611666665
7793,20.80305021666658
3034,7.327649224444463
8040,3.993987774999992
1044,-28.93449724759261
9054,3.5243596599999747
7313,6.164344796904751
487,21.09707022999997
5737,-13.764502158333338
5188,32.160593133333315
7005,165.28119997277778
6740,1.2080153155555546
8627,1.0338069000000012
6495,3.6415389083333376
7931,29.89010227500003
9312,7.3644457800000085
6446,11.345378838333332
3646,27.473347264999976
3212,-4.913319415057728
1992,17.771388138333318
3785,52.13748009063493
9504,8.968592416666626
5454,5.4298058536904525
5037,468.62258535500024
484,6.638982739444448
9324,6.558475567857159
9897,-7.911474097619046
9326,15.30469009000002
7372,10.845945368095224
6688,8.02616463166666
272,1.8975924880952402
6,-2.8385119507692287
7526,1.243059311666667
1108,1.7965614649999981
5298,8.287891671515151
6826,7.640390193333343
5504,43.72480822166625
2988,2.009549780000008
911,1.5600141749999998
2805,7.26934288
1159,12.04066125666665
905,-178.59083602726196
8007,3.5938568990476187
4902,-18.147526669047622
4552,1.0072124149999993
4925,22.889072686666687
4989,14.860684336666674
6236,0.4283019109523824
267,-69.76978575000008
1056,-5.821102633888901
1462,-7.9786494591025825
1798,1.6937922174603208
9393,7.47890927404761
6589,4.423031169285709
7850,6.97585744285714
3854,11.64482006984848
3102,-30.943764645128184
2547,7.936123505000016
6343,11.023760391428537
5557,153.1861365433331
90,245.15814347000003
4358,18.18079314000002
8078,59.602126179999985
3822,10.683128846666659
4239,-1447.786051556666
5814,143.9646800716667
483,55.83610325166667
3006,3.397772149761905
6088,0.7050012449999994
2637,2.8972035849999997
4855,-2.4858241673076895
1182,19.902417381666652
6081,14.682233186666647
4179,-340.03417692999943
5082,9.665130969999998
2976,13.510653226666655
7899,2.520546462857141
8748,9.81723161333333
7364,10.458556768095207
8517,2.787273949999996
7984,18.597065048333334
1379,0.40586815833333245
8520,10.071398110555554
2476,9.833800803333332
436,6.245853970043338
1216,-5.749184730238097
4366,-275.46573086499956
8630,52.208601345
1644,2.1652392673809557
5155,-3.095523246666667
5884,13.285852981111084
9991,8.675142178095234
8088,371.55924564999975
9293,20.91618636999998
4100,10.840846043333347
8464,-49.589153690000074
8125,-86.78687991023793
8083,10.28653400166668
6926,37.927904479761935
9510,3.653612311666662
9013,2.4416115416666675
5347,1.1956493733333322
4480,18.87325486944444
2374,7.985130710476192
2791,-9.34441189738095
4287,2.3700715123809544
2272,1.7121363718095264
6619,39.9459571866667
349,-697.5746014333336
9806,-288.0550324850001
3289,9.541940929999967
1737,90.19446207333337
1242,15.010145713333339
4439,75.76701280761861
7441,11.344833180000009
9418,11.040664154999986
7445,8.866885365714243
2505,-72.0666365550001
5400,-15.597984206794838
7777,203.15161685166674
8306,-1053.1980770616656
1879,4.745127721666666
7962,1.5017061416666708
7140,-11.805334267435896
6208,6.05687574000001
5096,-256.8847461350008
9494,14.328499911666682
5653,7.982647014999997
9152,3.484751958333336
5008,-26.835381153095295
3727,-75.62579094333331
6262,3.7309751166666603
2133,14.56769541692308
6600,14.409625683333347
7975,58.47225975047629
5643,-44.226854566904805
3040,15.10876621166668
2345,35.73145911833337
731,10.961714334047615
6669,7.559976646666672
2135,-10.859720317499992
3524,11.064353564999987
919,-13.940780917747244
9422,5.011318501666661
9120,0.807035258333335
5192,-3.5633656291025653
3085,7.888773550833326
1221,12.700158596666665
2931,6.542645848333335
8611,121.71742556000004
3858,1.4622516280952382
8740,6.639727241269829
6048,44.39596897
9417,93.78115676666667
2485,-180.73347188738074
4105,-29.320261732380917
2329,18.112628371666656
7581,5.442049792499977
8210,-137.6569585657141
2410,-4.054337776666666
1714,-15.927174101666651
3550,35.64754904738093
6850,44.527810548333406
7860,1052.640159756667
4811,3.27421259833333
3653,2.0559189027705638
5727,-78.58581633440475
2840,108.79361351166679
9698,6.801158859999992
3357,16.27919114690474
7437,4.557101097142858
5341,14.016050035000005
506,73.22950566666688
207,-15.298824024166688
8283,-41.26930005023809
2883,60.74817798166653
7757,3.1493123469047726
1858,-2.7172784116666633
2784,42.407501673333286
5683,52.65075116333325
8526,-140.03783435999978
7221,7.2412549042856815
1496,8.505254996666684
5469,9.560031605
199,-9.041880116666656
9607,37.582995403333335
2535,3.8493011207142933
8021,32.201203328333364
3407,1008.9313574633298
9207,-22.40394171142858
7039,22.647681863333325
9662,-10.081038838333297
4014,-69.58766489000014
8854,28.81583199666671
2524,32.51126575333327
9419,6.439272241666673
1745,11.805839424999975
6626,15.603791163333412
7339,-5.87471686989011
7020,31.309191701190436
4,5.140732015000004
3165,6.525333153333317
5773,2.365298223650793
4254,6.245853970043338
3088,80.2201220683334
5812,-149.68786986238095
6677,-21.713767205833346
8254,3.051328360476194
4520,227.29914239499934
3850,-16.678492021666678
9884,-55.07979529071436
2501,-24.484622697509145
1829,929.022217471667
152,24.191789003333316
1156,58.593530460476195
4812,50.237077805000105
6583,13.518493534999974
9272,13.809700679444424
8238,-192.37064739333354
2647,6.70337891333334
7648,74.96856319333331
8264,8.084875082626258
6948,2.094870546666665
191,-299.05711394333275
5639,14.103606238333315
1175,-7.824755283333313
6469,10.772559129761875
947,4.174760243333332
3441,11.63021924499998
6491,49.108333094999985
9004,2.8033691021428546
5789,5.051532663333333
3070,4.723845408333316
9924,34.87419279333338
5058,11.648856894999966
2011,19.861453573333343
6769,10.803811444642855
3253,0.037145407499999984
6151,3.203151624999997
7455,27.24069072833327
1556,6.881946326199805
3640,3.1408338166666625
5190,0.4491457149999975
8219,-11.474022874175803
3170,47.23393819833339
9237,-161.53979332333307
3445,22.68025113666671
9474,9.201425351666657
2677,-2.196192444102562
1176,118.51167275309525
1482,6.048680525000004
9953,45.560259516111024
3781,16.62668017666669
7888,39.87896403833339
1563,0.6053370999999994
3963,9.430903006666668
2823,3.860430977142853
5513,3.1061614249999985
1915,18.15393055358972
426,-15.670794111080534
2182,-74.631354142381
5448,-22.088695507142873
7060,0.8916615833333326
5949,-9.418434840769233
8419,9.529447219999996
8622,2.806152026666669
5688,13.02927384999999
7424,4.191260176666657
5099,-2.5829068289743558
3010,217.6544772066662
4370,41.44381004285714
1015,-1.9505977199999962
4376,34.96693276261906
4733,-122.9519547169047
291,2.652357023809528
9034,35.35547504333331
7603,2.0591897533333343
2731,20.366975754999974
2184,3.8240215903030284
5116,6.711845044761898
5905,1.6637290699999998
9021,3.0985105426623516
9537,10.226258361666646
3707,30.6821005833334
9554,-25.82513201809526
4359,4.3272977283333365
37,-2.8806323706410244
2414,6.929478462857144
6605,62.598972850098114
3466,-44.83351292166675
2446,3.819860463333338
7651,17.91911637833334
385,24.78926074095236
3303,-7.964984191666684
6620,66.60193251535422
4124,-0.24011650333333373
4420,72.30704999666679
4610,5.411928159047616
7038,39.95439829500002
9378,8.755260369761908
175,28.505790751904772
6696,3.2824964166666732
2588,7.942402596428581
8684,25.71610350642861
3480,162.21497083749995
4387,3.425592605000003
2298,6.502029896666655
311,-13.666845482121197
9310,9.720004687023795
1938,6.474377728333341
4547,1.6863404450000015
8864,-39.236554433333346
6115,3.483539151969701
8154,2.9239252149999984
734,-2.763670698333332
5308,67.99803392833326
5151,-11.227518919978337
1841,4.042354156666675
9031,30.425599846666678
7173,33.4897285304761
4742,0.31575730119047635
9318,-40.68216291333335
1776,644.8405785900006
856,21.66129180595234
2257,-3.8977803750000035
9772,1.1173450666666667
7540,-9.282111479761891
4652,2.2585946964285757
8081,4.929626990000011
7250,-75.25507273092592
4621,-15.213782436794864
6960,0.11238936333333349
9242,15.430555573333338
1454,13.310403999999984
9513,-2.3893936041025645
8024,-1125.419835874998
7457,10.616447659761873
5749,3.710058263333335
5071,5.672737983928585
3452,3.323369998636371
2763,45.782804264999854
2842,0.6594800533333324
9839,64.2999598471429
6932,5.358135868333299
4951,-138.30254891666672
1423,32.34429346999995
755,104.81996614940448
2761,25.603371349761904
5968,2.030358068333334
1326,-254.23729868333325
8953,258.803293176667
1181,-58.11108002000004
7326,33.887018471666686
2658,5.37505989123375
4099,69.4894594633334
3604,45.885323990833335
6476,1.6420190366666627
6084,13.760313121666679
3416,1.1715030057142841
3645,-3.4273313556410265
2717,21.763456938571395
4990,-11.852353307380941
6673,4.054178247467521
5545,14.359340648333324
1468,10.756874229999998
8059,362.2173409933332
996,11.188388914999992
6459,12.964418675000003
8809,36.14731636358971
6205,-121.22554030095235
243,59.53231289999995
2059,64.47370934499995
4748,7.736659470714288
1811,5.300003986666668
9934,3.8283598745238074
8960,-5.687486000952381
4884,7.096383788333345
1337,845.148890264999
4892,4.603357051190485
9740,-206.94363948404768
335,1.1863856969047641
6516,64.35657934833333
5907,-480.34965419999975
2220,2.5472490063333266
8250,1.84817988166667
9540,23.200176350714244
9341,-65.65221824857133
2354,87.82064817833314
8484,1.3057703090476198
595,2.053722261666672
2180,4.884022943333336
5036,16.757440114999984
5703,-22.844653090000023
1929,1.1106149756349197
2571,25.161209996446892
864,1.1682782033333334
7074,10.34940612666666
4968,41.51714935166664
2698,5.136090689285716
1625,28.37386554000003
2236,-11.807277763333333
5777,-170.36807417023837
7587,381.74903628250036
222,6.785916026666665
7219,41.341778252698305
5808,13.791213435000008
3470,41.20385783583334
1954,53.631528998333245
6051,9.366496440833277
3671,3.2124289449999943
1316,5.305657051904757
6567,-1.8284296233333308
6603,-42.451974827142905
5780,34.21918434666664
7234,21.092522144999986
8557,16.376056163333327
5026,-5.197255608333314
5733,407.26549082309486
5690,33.06497929952383
2789,6.0612090161904755
4188,-203.27800413666694
1774,1.6150354642857125
3248,-1191.9431368849998
1932,31.417432899523792
1433,12.333468188333407
4392,-118.77078356357116
3005,3.0383451650000084
1022,15.584758176666481
3168,12.392670679523826
6544,5.957043896269834
2703,1.173985568333333
2915,15.077827132777756
6683,0.6633954866666665
9817,80.2386878469047
5502,7.487696689285696
4768,3.2519519299999944
841,134.37728408000027
5769,-110.50226643999986
4437,1.9447301731818116
1073,40.618376938333334
3121,3.2512886786363686
9900,4.468545453571433
3362,58.51056986785697
3965,-4.154098537307693
1548,10.958897531428542
6002,8.894605393333329
9524,-10.2328268694139
7693,8.821591452380959
7337,-11.947002243333325
2339,4.032035885952378
6254,6.273635545793662
5028,6.838261854999994
851,21.906993521666685
5039,144.11015600785734
9346,15.83296077166668
9181,-445.87620464666526
2923,26.01211587500001
9088,16.39997490000005
5161,1.832570596666666
8174,5.511157066666664
6367,-19.063684341984107
8478,-1.9026085216666637
1783,27.32477866166665
3094,0.8141794283333303
3603,17.928762910000003
1555,-47.16233476417583
832,12.060764433333297
2664,-17.079020415952357
3477,-2.8780293861904735
4272,58.80994913666669
3914,-2.3881247666666625
8880,12.22766040111108
3297,28.36021014333336
2435,4.6140069883333386
1815,42.441739710000085
8033,-20.06690710000005
8328,20.927760816923094
4405,55.51110589166664
94,13.402625583571425
121,19.749640715476207
915,-5.656200507380954
2160,68.73538801134923
807,-11.480140362307676
733,4.32378316490476
9899,13.176760724285685
1207,5.7982681868347274
9771,20.99463828500003
246,1.7589773683333336
5321,49.14823225595244
3210,-4.014178052348491
2873,5.429942641612558
9266,13.408688816904787
4246,2.410858194999995
6733,87.6168942533334
6584,5.668324364523796
1167,-5.540976848333333
8487,26.156029320000034
4669,7.735659126666645
7761,-2.5661802399999987
2924,2.812563068095243
2860,76.47428108833321
5221,-96.2361148280953
6345,567.2238759883336
5497,7.247679085
1700,-120.12000946190469
3717,609.4512924616664
7898,207.08840261666694
1823,9.27522844833333
1385,54.16328799999992
2326,-2.8021664114835168
5511,40.33468625499998
7936,7.178627446666628
8673,9.194886296666658
3945,11.994886941190476
5410,-13.479923965952366
6917,-42.58157081666663
6355,-224.55367728499945
4854,3.4130522900000058
9432,1.0208445116666662
8191,1.9954483831818175
5845,-357.35730742500004
8846,-8.23534707404762
1788,37.783927868333315
2323,5.566005611515154
936,1.6718037699999981
978,-768.0428655200006
8344,-8.100030017435914
9598,2.8996236133333286
6194,3.402360219999989
387,1.7858574849999975
9290,-53.9660979034616
3802,25.643216686666733
4687,-34.66701255976195
7126,2.8235599083333276
6323,586.3199387016658
1209,5.773676233333311
8768,-238.34920390166639
8036,25.293866594285657
7246,9.255014013809484
6801,112.55770932499985
5999,22.098321753333327
5776,86.27989702714261
5916,5.250585583333321
1418,-147.8026670691667
57,7.292693651111121
3880,10.666512939444438
3075,5.338091041666664
1202,1.2150787999999992
6136,135.32147490666654
2794,116.46706679999987
5819,3.6152538476190212
3140,5.422305373333338
8230,2.761001118333333
4491,19.413546604999986
8987,-8.001402280555563
4677,-28.26520590809523
1399,4.617364621666659
585,-15.544726666794888
8575,5.452839630833313
6024,-0.201670788888889
6906,12.929750939999971
7243,2.166892324904759
6775,9.278421515476195
7423,1.7017996274603209
3930,0.8156015216666666
2151,33.8506971416667
6545,-11.703674158333325
2540,12.828698503333312
8852,199.67557080904746
3285,2.721261748484847
8402,15.617178651666485
6365,44.10133845333339
3150,0.9893190199999985
826,199.55054431666656
9879,89.56031015500011
7327,2.1183002942857194
2942,125.08602714166679
7383,-249.74150975333356
6971,35.3336076302564
1223,1.8344748796955277
9174,2.687428619999999
4415,-61.61289818571432
3538,19.298485950000014
8802,8.820203225000004
6736,1.1528294633333338
449,0.6290252366666654
1463,84.58262487000025
3736,7.8627575728571255
9440,-111.57500920333315
3103,14.726665495000042
7261,23.840622843333268
5176,41.65610167666673
6798,7.622463768809523
7915,9.575272099215669
1286,7.6225699733333325
2268,64.94530951440176
7458,-15.962502715714317
7155,-302.79518322523757
1071,-3.1905481916666676
7110,16.852568986666657
7534,0.6562884716666643
9842,151.2758680733334
941,35.96280118333336
3082,8.562417141666659
2719,-6.892217283333341
7468,9.560416868333332
1107,-29.508645020000003
9140,-89.3653946314284
5456,68.8040491633333
596,-91.48149761666707
9726,-147.3407318766667
9080,27.316274105000048
949,2.6602579233333334
1234,1.110102960714285
6964,2.8436356483333367
5627,-106.98539215259258
1520,22.371232750000043
8914,21.519127165000068
1978,26.168480374999998
4766,-4.087368876666664
7544,5.062871438333301
4223,13.298874323333338
5013,44.85990250166674
3689,93.5366616816666
8681,0.8070371316666645
5022,48.74029310843143
2046,11.299573944999995
1489,5.41434558892855
6320,4.865156640238101
6213,-32.197023567619006
6408,2.3026904877705623
1388,14.709815355000018
6835,63.59273009785712
5731,-494.40794375023705
9552,60.020942793333404
1669,30.55848442166649
4619,114.5318397769842
1456,27.600558766666666
4081,2.0448778172222264
8941,28.68858192500004
3141,3.5130328966666426
1645,3.6742334546825357
7633,73.82952421666683
6413,-2.2943173512770563
854,-61.95506278333339
7504,22.17968323833337
9311,-7.737574623095233
2820,-28.688030981666657
132,46.154176151428686
7472,7.309508034999997
2506,32.04576311833326
9445,3.2853349983333464
2901,3.304087078095244
2662,7.450373690882351
6206,39.75225085666676
3073,-6.073104297747256
7069,26.59713311166666
7855,5.581414710000007
1678,27.93685606666665
2129,21.57051101666665
5476,1.4817923920634875
6038,22.352832126428574
1882,124.3112728800001
3467,0.8724136312698388
5674,99.53229305833338
3389,2.5799977326190398
4065,7.906399196666651
6394,-86.10686941249996
4773,6.409439306666668
7819,-6.6722035210805775
2828,145.52298505999985
9015,4.924915138333342
7729,7.8424096275000075
1621,55.265327045238166
2997,135.39540357000035
6350,10.875821038333305
7512,23.273934642619075
4810,13.319644628333323
6741,-6.5241022338095105
6288,23.94641664000001
1779,2.3125244633333364
127,4.756645785476193
6330,0.6235946749999994
7863,8.915574515
1750,-6.397692407912097
4318,16.280622996904768
6941,9.634058824285706
497,-20.10394745333332
9717,3.7128230814285734
9845,-112.9636646450005
56,17.29231109
3594,1.295447723333335
9866,-307.8758943242849
3974,1.5895641250000014
8674,62.377292124999855
5782,13.481797461666682
8430,43.34483692000007
9416,4.661921208333341
2700,2.202558059047625
5762,-14.225799936190496
6303,23.576647936666696
7251,0.3835248783333326
366,-59.12043994857143
6654,2.655971650714283
6999,8.605949736666663
345,10.500237531666638
66,94.54340695833353
8178,185.49046566833354
3366,-8.165426001666674
8072,6.341093351666688
1485,9.022332784285725
1952,72.48521555333333
8167,5.511157066666664
3472,1.595918976015873
9986,-6.416098576666676
7814,9.162926813333337
5840,6.436207626666675
5422,0.49586506333333197
4784,-8.31825114910257
6629,12.47255097666666
6833,4.546847128333331
3983,0.8665942682467557
6417,13.28819579833336
3668,8.361208797222245
7037,3.6268021771428574
9160,14.077107968333344
5722,85.98619747833337
632,17.86539704333333
6517,22.00105964611113
9898,102.4304328135717
9495,-7.73430304333336
5918,18.200839216666655
5105,7.7050440900000075
4653,11.900723081666683
3300,-4.227782099102568
6201,15.375833411666624
549,482.59224620333407
8551,-56.990913079047715
7948,-19.308819428333337
660,10.871279707857132
4853,0.8141794283333303
2538,-2.498676270769229
4277,7.640782118333328
7841,-30.335817679814816
8013,-30.138821941904723
7097,3.674742088181819
190,40.05460551666659
3076,-8.717512681666665
9453,72.89080491345236
5585,8.125447211666662
9948,1.0059034799999997
3408,13.370669331666685
7562,112.298355955
4406,28.539188024999977
800,0.6193496715079356
3410,-3.5317547524359
4980,-15.28584201040403
1343,3.5895386028571465
8164,1.9084892850000046
5702,6.336810891666698
6602,172.43001476583345
4413,78.83606554551284
8843,11.931482944999972
1585,8.381935816111117
5837,-23.676861323095267
7839,72.73198123833355
1911,7.548396101666642
8475,-8.505409894578772
2516,4.724793879999997
1338,0.5970016583333321
4354,2.108764501666674
6611,-5.146956140476186
5213,-4.822990826556779
3813,-406.60805210833274
8450,53.150005666666594
6597,3.1583570435714434
2822,1.9666355466666665
8554,4.576514171969701
9874,4.475721051428576
7133,3.6025458466666644
2330,-24.68191217904764
2139,-12.249069995476166
6806,11.181890196666668
1053,-64.965622302380993
5211,34.849397788333306
1672,7.2209379245237795
5479,-16.036066738333357
5171,5.644437754999992
1062,22.192128996904774
4870,86.64753378666664
825,-33.2286109
5306,58.19128246944452
374,17.988618795000033
6788,2.9893743233333443
9492,6.461005133333326
5928,3.9026081409523776
8688,154.98677069833352
4828,8.966273262857102
7516,30.71899881166674
4225,20.754551160000005
5236,103.0965421733332
2051,5.712784151385253
9723,8.37366409000001
35,7.860248671666669
9139,4.225625054761907
8930,28.660575931666692
7355,21.510540355000046
9201,2.7485080626190435
1329,-1089.5408614300015
9502,21.009552961666646
553,0.9290670082467551
9895,-138.18454487904734
9180,2.3672812511904855
122,24.296539408333317
2377,-61.20315873738104
5835,-15.021626326794854
1278,2.95359355818181
8553,22.37065325833336
7564,12.371294604444508
9323,-242.0074597516664
5005,0.8891392349999994
5866,95.69969183166663
6082,-22.24762100267195
7183,-105.81322613592594
3773,3.9694106600000016
7964,-114.75111705759267
7918,18.597065048333334
8308,10.84188101166668
154,0.2538878666666666
228,53.00401516500005
5831,3.171779815000003
1916,1.671551308095234
2200,-41.24343760333332
2498,66.91486359190478
5263,7.166013368095233
8027,-125.73881261833323
9765,2.050390173333336
3552,58.69469906428565
6994,-7.098514421666664
136,16.361991176666695
7287,-238.1226738891659
2434,3.4153265883333335
6070,7.2295868642856815
928,11.502332924999964
44,8.310771458333313
9119,136.60780837952396
9178,-111.48414700166677
1907,1.3185544819047619
9677,31.264896201666616
2063,3.0897083999999926
514,1.3524902833333314
458,-2.467239774102564
6318,3.774095693181807
1579,17.14566559500002
3252,0.6348496866666659
7736,112.24119903166685
7051,-44.64514118000007
7045,76.30342596309518
9968,3.070682699523808
6377,-3.6433273166666686
4964,3.5547518866666596
4948,-2.639919631666665
1658,45.20965970319325
8863,3.9268347633333294
3406,71.23069208333322
5445,-194.36241440499978
7103,466.7244803049997
5940,0.7405971533333336
5376,11.253385080000024
8003,-331.42854970071363
6645,3.2666624983333397
5168,1.141736548333335
7447,11.002971001666658
8352,4.710723738333335
5515,0.6861507648412687
1964,24.121945626666687
510,2.3667552116666704
3230,10.448056165555567
5493,43.12716961499999
6409,34.64905246666665
6679,2.8331085801428557
4360,-103.97326018523813
4214,-2.7584407166666622
9666,1.322144935952384
633,3.770798883333339
4006,-109.70278632
9569,2.0684194583333335
2503,2.4121165441269845
2201,2.427776449632032
5126,24.618808620000024
9646,-6.709264528095219
6047,3.899133704999993
1440,67.07711656000001
680,33.3194110883333
5478,9.050188022072813
9115,27.993322399523798
320,-2.7395151633333317
347,31.033219948809407
2420,9.102488941666667
8368,348.1079682616664
9360,64.9068489416668
4829,3.4164605916666693
7611,8.230826620476199
8177,51.48181533166658
3435,-104.70109553119063
4598,0.6345941749999993
4843,10.616389659761925
9753,20.264750238333363
6943,11.763620450000007
1587,7.150990470952374
3290,4.315652726428567
8966,-5.494155548333331
1664,14.950416353333322
6189,20.33449041761904
1970,-48.177730011666704
4273,-114.22232742238094
7958,7.265779967619019
8889,-21.53800908592599
9841,200.65367690166667
1507,0.9224847632467551
9649,2.6750010980952386
721,-3.001018633333335
4430,43.39085913333331
6376,22.24312044999994
8358,9.923571340000018
1400,-23.694185958095257
1767,2.445078529285718
1771,-1.9053701839743546
7838,5.41434558892855
4177,31.698508410000098
6638,11.553011974999972
91,6.3135499195238225
3333,-31.991524212936593
3393,-8.445350261080586
7035,11.72557976318181
6963,21.451584209999975
8350,26.438957495000068
289,12.94370626571433
5969,7.00802384
628,-254.90111121738082
2019,-4.873252995952381
7752,-25.719243378333374
7368,0.42622400999999877
4995,51.98932520357151
4023,327.06828958333347
6012,-749.8927002300011
6181,0.3362321364285708
715,-58.01152834333335
7335,-4.22132636166667
9612,-27.932622090291005
5016,41.18408010833329
3786,1062.7439694166653
8746,8.599521639047621
386,30.10182752833341
4297,78.57314605333339
2052,-37.30009092500008
8038,5.897209352857144
7075,8.866787806666657
3627,-167.54449825666686
8902,7.0229866183333405
2227,9.625401973333327
4574,3.4783642466666453
1092,196.22439517761904
4152,0.616022929999999
6432,-15.29462037821424
5055,5.303796461904761
109,30.212072476666634
516,9.671141212499991
7691,4.051101625000009
2482,1.2263722202380927
7065,3.331809499285703
8415,-46.31847883333337
4017,267.1166756944046
2246,2.267079383333331
6344,-54.5018443550001
9452,-14.382617427301577
5319,4.785732548571412
8346,7.8444362300000074
9358,13.256531343333302
9943,6.505952295000002
7150,-40.27058206500009
6762,12.90617739666666
7640,1.531718165238094
7480,95.84274143499994
1488,-45.120287101666726
5294,4.556021183809528
1608,39.38486598222222
5699,-14.432708988492076
2885,8.708426208333348
3459,2.003325342770565
6810,1.3969069192857124
9202,12.336359455000007
3310,10.60144693833334
2392,-69.03997848759259
9876,-45.630638223461546
5558,41.94651221555548
3700,18.07607590166665
5568,35.33872447499994
3657,2.056526931904761
7800,1.1407116316666672
6618,-13.834218354285708
6988,51.12249934833332
3418,271.5759960699999
2452,-11.109476237943731
4531,13.468891744285687
4758,3.307441963333327
9941,-49.601399648809505
6763,11.018468639848464
2824,27.524076501666677
3087,3.6020681480952383
4374,6.219420420000038
3015,12.485219519523776
5391,4.570134426666663
7178,-996.0261860576202
3840,4.751902159047625
7653,8.993164366428559
2037,1.2521487966666656
7989,4.5272804695238085
9975,-90.63778171428568
7806,20.65854096928584
8834,25.438887491666655
8993,66.94507000845249
4264,3.201411503333326
3754,6.242994850519526
8999,100.57009770333336
6784,13.220512866666644
703,123.45844362333295
5644,14.577951759999987
5671,1.1175555900000016
775,6.474410542857141
7311,6.432858988095237
3237,12.32197220000004
7168,44.823985510256435
2815,10.592602581666673
8184,-1.8152103057692262
6165,3.143580023333324
1464,15.332633503333316
405,252.0370941133329
7017,11.535308258333334
6841,7.1813903176190195
6690,-228.18205795404762
791,1.8408236447619022
8423,2.4465642450000007
2278,82.42328857833357
1259,-26.57874839666667
5818,7.1813903176190195
1801,1.6937922174603208
5085,37.7708623116667
2387,-67.19784164999999
5608,3.26537447888889
319,-61.07194873666672
3367,16.118628616666644
1309,1.1425730399999976
3233,-73.82281011166678
7025,1.2417416988095236
4972,43.1688974316667
7722,9.421660806666672
8765,-3.6344831479895174
7937,15.336919177777764
8542,-13.906507656634194
4187,-8.260812603333338
9923,-78.82317718833333
7001,2.212158535000003
6163,7.311744874999998
9645,78.0040259316666
2961,-41.598399406666765
6822,6.642219401666664
3272,10.490380909848461
6149,-42.365235102380936
5199,8.773576082619046
7153,25.87465637547619
2341,79.97900024833332
8995,2.3934019066666723
6299,23.35813064166669
3909,-407.74228108499995
2624,-29.10076547928574
4198,14.842208231111092
13,3.4182294369697073
2651,13.132777408333341
796,0.5042149983333316
913,6.557274391666701
9252,8.837121193333305
1778,1.672864146666669
8405,24.578924446666747
9470,16.395100450000058
5359,3.644031679761901
9889,-12.07216531000002
740,10.819673744999978
5180,3.964721696666661
3465,-29.850483373333386
3332,53.19643009571434
5083,25.308332496666676
8700,-2.9637092916666634
1045,-191.99708353833316
2453,1.9766067826190497
9036,2.5827307830952386
4515,0.018347823333330973
7342,3.3587294949999933
5439,4.988883399999987
8635,-47.51208583000001
4790,1.9957482416666719
8937,2.12147980833334
1896,4.147507559904747
2806,-5.83766579564103
6453,7.969315272142853
5847,5.434240638333335
3590,1.14622418
5853,-18.537697799642856
4786,-110.03650962523817
957,0.7322983583333331
3721,4.854116136111117
6695,8.204030738571422
7771,3.6104292492857106
1926,6.0178124966666635
2841,-54.07830727833332
4146,45.67424010500003
4732,64.9068489416668
8770,-0.3040018716666669
9805,12.666599784999994
3852,5.35360295357142
7519,-46.8423241516667
9910,6.470406273333335
765,11.204131041666642
7170,3.326415046666674
7599,7.983076814444456
9053,-174.97888355833297
8132,-0.5632439616666658
1267,3.5276821949999997
8853,10.227214398571439
5059,8.488151641666644
3286,1.8623487271428605
3649,10.516306579999995
2607,23.469810689999974
4851,-4.252020954102563
7872,3.0340328566666632
1085,31.5473210333333
4329,3.5128540766666636
3412,-60.109282254999975
5398,4.417961399999999
5018,703.9717608699998
9471,-40.79756606833339
1141,69.09996308619041
9597,48.15451977999998
5007,2.674181222222224
5797,28.624642595732503
1124,-57.681515178333456
9714,58.08873963777788
5813,12.52963352999999
4883,27.046012848333326
7210,11.020483476190465
7657,12.350303945952378
6451,16.870250250000016
4500,4.61832099976191
5594,102.58722668666685
7162,4.2394104833982755
8181,10.055769632777748
3714,8.552045161190508
8572,51.56984213333334
7745,18.01443624833334
4140,84.04479004666663
1017,6.7772202822222285
1732,-174.61840094999997
9729,156.12722866499985
5974,9.322549064999986
4730,7.537480292619037
7614,1.1852538978571447
9355,2.049519866666666
6804,-135.4494196283331
839,-33.19708750238089
8974,-3.8380797917243816
7628,3.68132705476191
260,65.96783441000004
6264,12.095830371666647
24,2.250111283333331
9796,122.3336740549998
8331,9.314323101666607
3747,5.162928094999995
8037,-24.273677251318677
3319,-5.6735076674359
3288,328.95438131666606
8294,8.341862291515165
479,10.647680786666665
8312,-1120.751945088331
6681,4.146260406666663
4315,1.4593614802222228
8665,-60.81037645309528
4076,-2.3048399774358956
2206,160.55915553333364
1189,0.6551844649999998
6423,92.09801001166689
9931,-61.73479898738093
4644,38.33713996222222
1426,-11.44062041640694
924,2.7468063090476216
1897,4.012868518333339
3446,15.184052906666636
4761,-471.35961610999857
6407,34.728265201428634
6800,-108.56327845666658
511,48.86529532333329
9424,5.744881697142854
3404,7.868906006666699
5851,25.153895010000063
8169,5.848873680833333
4093,24.77796888976191
1188,10.355782181666655
3729,26.38607018166669
5046,87.69641611166657
4901,14.408570443333351
6542,-3.9830067304040484
7924,5230.186504211646
5337,-13.029542871666644
5053,1.673731812460321
3348,6.313268861666658
7122,7.724168456666652
5453,8.24315675238095
984,35.88677049833331
6148,134.98703490333344
1630,8.717654051666669
7646,4.729430131666676
6214,32.1355871766667
8259,-1221.2047902099991
9745,110.81878274250008
1270,27.86765346333332
3797,0.702560873333334
6624,3.58710531666667
5232,-13.555565475000003
8648,-11.34041538999999
7878,5.3359618864285645
4837,-56.28162921500005
8108,22.01105909833334
170,45.72144300666674
9664,-1.1362981688888896
5169,-10.370969541556766
2040,0.847366606666666
880,95.41492515666664
7836,1.9555280930952388
6068,-56.44675543071441
8544,7.92784654666667
1253,7.870704705000003
3853,47.81505429166662
3902,12.596724839999984
9919,60.27627023119058
9626,7.2915284083333365
5074,9.509397962380946
6663,75.05866623166669
3098,128.51641195
6939,0.5136496983333328
7033,-21.029490855000002
6160,3.5130328966666426
4446,242.21797105499897
6562,5.25311364809524
8780,5.511975874999968
899,6.415003563095238
8640,43.827103560714335
2812,0.7324546233333323
7130,8.30320025166667
4021,-70.42691218166678
2827,0.6975391404761903
6879,-32.894321834761875
9299,10.709751054999984
1899,5.534648439242394
3710,18.25013244666665
3827,-11.107693594102555
4913,1.7980960367301562
5269,9.153757448333337
4011,14.017489179444429
6142,64.82788643333329
9568,19.50810192857139
2249,5.384861043928554
2565,7.053246194999985
6105,-31.71823480584246
1875,-2.1317355899999963
2113,16.501503571666685
2634,18.33771045666666
5187,22.546524233333322
6150,21.322816711666693
9215,0.7790670405627678
3767,7.638783985
4305,-28.50570594917584
7401,-1272.6267886566668
3808,-15.288126050562788
5900,8.270946166666658
9173,12.291960441666701
2683,12.458206834523823
5262,-61.29901154071438
8708,3.547957698809528
6927,9.522369373650777
6844,17.000750364999952
6555,3.105757886666659
8767,22.30655435619052
4985,9.352075621428508
7788,14.474867154285702
8201,6.473019003333328
6549,-10.568875124761895
9911,4.628598898333339
1268,55.70053429166654
500,2.4713031633333356
728,2.2781267238095197
1998,15.698087613030314
767,-15.69520793178573
3676,15.96081147666663
6287,3.1142203909523785
7306,11.92365549166664
2263,276.6993235900002
1421,-4.004048480769236
2595,2.468520356666666
4729,5.502077526666671
4298,82.67497847333335
5579,24.423493089999962
2062,-33.07513580259261
3269,6.623091939761894
4398,-2.752927845769235
1690,8.348126991666687
9965,2.5196949053809505
8840,-5.886623208809523
7080,8.506819831428588
1241,26.278814655000037
7009,1.0575201966666667
9069,30.55344193928567
1393,8.596564055000004
8442,-22.606479924523835
3186,-210.95035150833326
8580,3.030485962619048
4386,1.5278784244444439
1180,9.384232850000005
5632,61.23406528666679
692,8.691878933333344
8764,4.029468544761904
3235,3.5185981314285724
3744,-37.26184669952377
834,12.534390429999979
80,-34.69594452666671
9339,-3.265589211666664
3588,41.41082881333329
3733,62.336321297381026
5923,-11.983395430952346
6240,1.2946385549999997
1973,-35.021804119047594
3096,5.917515249999991
9703,113.94590232333337
7613,38.173328601666654
7131,1.95013904404762
8754,10.252942988333315
9563,8.797568957388142
727,1.5089216116666675
2656,4.540311856666674
5742,0.6895163741341972
744,0.7826820483333324
4303,12.780609466666666
7453,0.6500672435714273
4605,1.0182757176190471
5948,10.899390661666631
5934,12.431200811666754
4611,41.531358579523804
7067,1.145488793333333
372,7.35590475031745
8482,29.31982767333339
8891,13.64787256666666
8058,9.176716203809532
5678,7.096908903333299
2170,3.8980186883333237
2676,9.376165316071368
5945,5.6139041727777785
3039,-10.834465348333326
444,6.120631143333323
2152,27.23250642
6647,2.818390466666665
1319,170.4745877199999
5967,-28.035852473624328
2766,1.166639243809525
2016,0.9581402566666665
3792,-1.7584743283333282
7725,5.786547305000002
8066,226.69319503107172
4750,3.523956746666663
2191,17.99735666666672
3990,-15.152026193333322
3479,14.728631858333376
9686,13.577647271666667
6993,58.18985568583338
5429,5.241513095000006
7704,23.179147605000033
363,18.133686546923133
1933,20.958933378333338
3521,-16.410350432070683
9827,9.46242178166666
7387,2.7516308102380926
2322,37.38908999999998
3706,43.1530297516667
5475,9.758847718499254
9137,1.2929514274999971
1240,0.7697171688961012
4050,23.648894648333407
7638,0.8304812650000012
7367,4.1983944133333235
424,0.6880240016666661
4232,-5.130202284999995
7184,2.859446083333338
3464,16.678953556666652
3525,4.049037655238101
4746,11.651793799523825
26,7.215904244999961
4767,-64.78389645690474
1483,22.735820756666676
1193,1.5766774785714268
3296,35.646363493333304
5833,8.154282859444447
262,46.9530607572221
6361,5.8091163883333365
118,158.91560857607158
979,-93.52777931523813
1939,8.15326182464287
7510,-5.673997635000001
4655,3.22649033166668
5651,4.582507051666668
2130,-60.841654134047694
6852,-10.54973774214285
4647,5.358458903333352
3879,12.431200811666754
3620,16.1425386565151
9681,13.077338766666642
677,11.051601702777774
9218,106.53118926999994
6892,20.178500211428577
2172,-23.078884109523802
9641,1.9704776718095287
8525,8.030240909999991
5014,9.484933488571427
6277,0.9198380873809491
4330,-1.8140081307692304
9112,7.086474829999989
7662,9.655526864999997
148,16.39997490000005
809,9.1296824707143
5246,1.5345712526190483
1014,112.27744180999986
6056,58.692476423333495
5307,81.30393002000007
2147,-33.4154158866667
7493,-26.33276589092599
4952,21.459069960000043
1444,8.90607984285713
3134,9.145926385714299
7255,-2.9475642591025664
2274,0.9800413199999994
5856,7.157295120000014
6328,7.239636875000013
7708,41.49482416499993
4383,145.23932946738083
4238,5.582570390476187
7143,2.1205256700000006
901,7.16042592499998
8260,-187.8202669241663
9920,28.161664440952332
9068,87.9618659107142
6838,-49.532162048333355
6849,-32.28227538190472
6748,-2.966556702380949
2422,-2.835844566666667
2293,93.44061410619054
6347,6.706497326190475
4879,21.551707057142842
566,8.97121942999999
7812,121.8173856216668
5971,0.7711812649999991
7340,-4.736389359999996
8546,28.507433158333324
406,4.145738916515139
7055,2.694028040238097
8909,2.059524765965363
1752,790.0613535133346
4710,-72.12044076500007
9497,4.972136951666675
5115,2.5316046135714285
9736,15.60917307999985
6674,-368.04230066833344
3810,8.388751163333332
5012,2.1312538650000015
572,-300.6007637383332
274,1.4594006657936485
6734,0.6013261483333315
3143,1.2794678066666696
9003,17.411423635000013
593,0.6751099874675308
8693,-285.1892516124999
8220,12.707789905000041
6046,13.985593377619002
6305,-180.53593314690542
3725,-93.33641096773805
6346,-169.0430691573809
3901,10.936916886904728
7300,8.120400364444452
6442,4.24310397666667
2243,-15.94378642679484
9217,-3.7603619516666633
5548,315.20209902666807
7374,27.24592636000007
7591,3.3336397066666694
2702,12.470715818333327
7275,0.5722394166666668
1366,-3.8207834999999997
8001,25.150048243333355
5030,35.57061065999997
6921,14.439201834999997
5919,0.33205733166666657
6632,-64.42224276000017
63,37.718029656666694
831,15.042629726666659
1883,23.104729079999977
9375,65.05014846595229
5972,383.2793702233331
1094,109.18475341333297
7479,-178.30755121904733
1357,11.807349932619067
1599,2.6866207333333314
6335,4.868135940000013
5850,70.44169269428635
2636,-17.269375473333344
2023,-18.7633934833333
5606,30.379934393095187
9773,13.597156283333366
1826,-5.497378110952376
4504,-131.6022028152385
664,6.2001326816666555
909,46.948191374047646
194,2.640394166666671
7556,3.925566358095231
1179,3.3852169350000016
6537,-3.3608212324359017
9719,4.914297483333343
8922,-221.91194619833334
5117,29.656991958333375
5354,4.456707597777784
7281,122.85360832500052
9735,2.3473663331818213
4654,9.120257849999998
8861,4.393796103333335
1534,1.606937820000001
3159,13.375738486071421
4126,0.40952633000000005
2380,-10.571585937435884
7514,4.659292763333338
457,0.6168315283333322
2969,76.61977686166635
674,133.7907668550001
8786,-4.487609477857137
1995,25.19551993666668
2003,-261.9711409342852
2415,22.367123084285698
7181,8.140947056666697
9484,-21.55806413928572
308,-9.440995165769221
8307,3.309435802777779
9621,-93.59393198333323
504,23.4768875895238
3931,29.151965954999977
8644,11.923284262777761
5958,-870.4341718166689
4747,-10.323024459102573
2920,11.241438738333297
9667,8.561844311666668
4378,2.59242433166667
6049,106.20999565547613
6536,164.7422291433336
3504,4.0896740949999995
977,-8.542251315769235
6338,82.48278383666664
4739,-210.98798997666654
5201,-337.4123227833334
8952,-99.6895635516666
5689,7.703794039999974
7902,-280.79693050833305
1351,2.77827955
7588,4.972257806666672
3938,-111.30760794000021
1126,3.2435051933333368
3448,2.880869630000003
3745,6.075152953571415
2221,-11.174354609999966
8287,-0.07151198904762045
5242,3.031675692380948
720,13.597155623333327
4713,1.9793725333333347
3277,59.817112870000116
2635,5.359081295952367
7403,3.4053739630952418
3677,7.537635905476199
7392,273.3418425750002
7811,9.270075513095186
4942,1.0858214633333336
1683,-44.569194435476255
609,-0.09908615500000006
1565,-16.98171374083332
1727,174.3779868771432
8113,49.42190431785714
7941,-64.40247095333336
8221,4.089712252857132
9411,7.64389850499999
210,-8.665775876080591
3402,6.589085653333336
3421,-104.53135297928556
4645,89.65046255000007
7773,7.1001491699999955
1887,4.281358078333338
9955,4.199790303571437
9052,28.435221508333363
7459,-251.19558348166686
6976,248.4021804850006
8654,30.852137948333382
1574,2.0304288604761878
7006,-179.41012215297627
9993,5.547130471666633
3390,18.42825995238097
9498,27.37123277000004
4570,0.7294065983333335
2149,199.9228223533335
2077,-27.459203009999978
9352,35.02485802499997
5312,77.43244771666676
1473,20.110409580238095
8116,-87.03176370023797
6723,93.47222942499978
6359,140.80211895333335
9732,90.32416084999993
7716,9.829249733333329
580,127.15841428238122
9114,28.204196213333244
2197,2.6315011999999904
2525,-181.33069056333295
10,-8.89041313261905
7535,11.102099723571392
771,2.3148608423809605
9284,7.128657434999995
3704,14.760194861111088
2844,45.49959836166661
468,-3.9771504076190514
440,351.82629160499994
3760,-144.03803255000008
9219,-9.823808931959709
2868,-11.424303297380964
7783,-16.446761559145013
1830,38.915388454999984
14,248.4960102366672
7214,4.904681796428566
1308,2.4817878392857167
5177,0.665846436666667
2226,-2.513471499610391
9609,15.322357061666635
3043,7.4837284866666325
9940,22.051071804761907
8835,8.095458361666669
3245,29.293306240000042
6230,37.204035838333375
1753,-4.1881560957692345
2102,88.54390334452395
5304,0.35591849
6486,-46.66275148000004
354,26.81319815190471
1787,5.331262512857138
6487,23.895910730000008
5465,3.587971102619021
7695,9.366481734999944
6950,22.045808041666678
5514,-3.8467138750000034
8817,-34.73346073666663
4706,-105.7777161842856
